0.000250391,0.000143543,0.000157391,0.000194446,0.00016905,0.00017757,0.000210942,0.000217768,0.000183714,0.000172628,0.000174243,0.000151953
0.000392217,0.000226472,0.000302643,0.000259847,0.000149223,0.000264296,0.000293718,0.000221768,0.000285544,0.000464058,0.000510407,0.000294434
0.000906793,0.00162539,0.00310441,0.00182211,0.000950003,0.00163768,0.00435346,0.00553795,0.00311104,0.000502599,0.000548269,0.000694564
0.000424218,0.000868973,0.00216871,0.00136831,0.000521267,0.00106064,0.00390988,0.00575878,0.00208747,0.000319337,0.000700902,0.000782132
0.000344278,0.000440479,0.00088759,0.000587773,0.000272613,0.00107466,0.0052986,0.00526354,0.0016981,0.000570199,0.000512179,0.000437572
0.00025921,0.000402514,0.000539809,0.000364552,0.000545846,0.00135718,0.00625964,0.00717011,0.00209643,0.000637063,0.00100471,0.00103419
0.000342904,0.000609788,0.00116164,0.000804365,0.000670351,0.000987573,0.00629561,0.00742542,0.00314148,0.00149799,0.00157239,0.00143351
0.000418338,0.000679494,0.00146464,0.00068815,0.000434067,0.00261509,0.00897276,0.00792655,0.00332952,0.00139367,0.00146398,0.00145944
0.00040387,0.00122111,0.00227202,0.00120857,0.000514095,0.00205616,0.00898399,0.00702382,0.0023252,0.00107307,0.00106426,0.00179083
0.000361723,0.000832707,0.00229108,0.00130248,0.000395744,0.00098976,0.00469245,0.00844563,0.00414197,0.00140411,0.00157082,0.00261083
0.000406366,0.00110182,0.00241438,0.00145342,0.000672251,0.00111263,0.006521,0.0129714,0.00565588,0.00227182,0.00202857,0.00254417
0.000690207,0.00128163,0.00160979,0.000946252,0.000885047,0.0041358,0.0103174,0.00666568,0.00528012,0.00302032,0.0011491,0.00220146
0.000490192,0.000877315,0.00101373,0.000575555,0.000819193,0.00583389,0.0149517,0.00877457,0.00538035,0.00311988,0.00178338,0.00325366
0.000681275,0.000726889,0.00207905,0.00184161,0.000695282,0.00241828,0.00512729,0.0150918,0.0160042,0.00589957,0.00295972,0.003322
0.000728785,0.000724277,0.00160735,0.00140363,0.000829684,0.00201909,0.00511481,0.0140169,0.0168928,0.00469202,0.00294978,0.00508957
0.000887164,0.0011259,0.00109368,0.00108328,0.00277507,0.00997781,0.0140117,0.00834909,0.00336425,0.00380471,0.00444374,0.00333127
0.000726188,0.00171632,0.00216407,0.0011863,0.00125134,0.00572729,0.0133694,0.00952347,0.0080021,0.00569877,0.00223221,0.00210073
0.000681963,0.000551959,0.00117417,0.00142485,0.0013477,0.00313651,0.00657247,0.0128228,0.0245989,0.0116721,0.002298,0.00198171
0.000891593,0.00137729,0.00124418,0.00236061,0.00337616,0.00654147,0.0114906,0.0102701,0.010401,0.00680403,0.00177721,0.00176898
0.00080097,0.00163727,0.0017647,0.00133864,0.00171771,0.00169419,0.00219673,0.00252954,0.00317079,0.00173687,0.00127737,0.000880077
0.000409785,0.000555316,0.000601805,0.00110396,0.00267825,0.0031381,0.00268436,0.00273688,0.00448863,0.00512375,0.00287961,0.000732462
0.00216905,0.00175909,0.00144122,0.00143656,0.00280155,0.00260836,0.000951289,0.00241745,0.00688047,0.0124368,0.00946038,0.00417271
0.000537769,0.00133278,0.00113455,0.00112176,0.00416744,0.00397221,0.0016544,0.00124782,0.0022623,0.0152015,0.0134043,0.00245145
0.00133653,0.00182548,0.000818522,0.00337744,0.00746517,0.003859,0.00118346,0.00152636,0.00807381,0.0172313,0.00816555,0.00166293
0.0023499,0.00308132,0.00106379,0.0072281,0.0124576,0.00487731,0.00152536,0.00210065,0.0130094,0.019249,0.00728827,0.00170164
0.00661886,0.0059429,0.00277725,0.0149793,0.0176707,0.00519833,0.00158401,0.00183433,0.0131328,0.0138804,0.00329652,0.00175017
0.00401185,0.00589291,0.00258975,0.0113437,0.0233856,0.0106003,0.00143578,0.00125742,0.00710941,0.0154886,0.00807387,0.00184355
0.00185509,0.00542884,0.00428856,0.00363129,0.0156834,0.0162636,0.004287,0.00138011,0.00347958,0.018096,0.0179587,0.00443855
0.00140173,0.00505633,0.0032788,0.00470814,0.0217538,0.0163948,0.0030012,0.00108576,0.00418137,0.0162901,0.01149,0.00208576
0.00611725,0.00887611,0.00334583,0.0184801,0.0322037,0.0116034,0.00166568,0.00140117,0.00940691,0.0202684,0.0101652,0.00180007
0.00124789,0.00497823,0.00422324,0.00433951,0.0223949,0.0201392,0.00414058,0.00149521,0.00434494,0.0187433,0.015612,0.00316139
0.00783051,0.00641678,0.00352496,0.0233553,0.0330644,0.0113081,0.00211256,0.00351704,0.0123343,0.0166996,0.00591212,0.00298186
0.011406,0.00622877,0.01551,0.0286629,0.0121511,0.00408119,0.00258637,0.00469787,0.0123098,0.00795219,0.00390882,0.0088454
0.00210961,0.00474842,0.0071888,0.00359143,0.0213196,0.0178211,0.00306042,0.00148616,0.00177072,0.0150137,0.0133107,0.00327132
0.00250919,0.00842814,0.00749431,0.00550135,0.0201783,0.0201788,0.00467166,0.00162658,0.00315788,0.0194553,0.0189518,0.005441
0.00219558,0.00195011,0.00138222,0.00733093,0.00684475,0.00400206,0.00401599,0.00675722,0.0176255,0.0178607,0.00653805,0.00166056
0.00210183,0.00362225,0.00259167,0.00394963,0.00827165,0.00580438,0.00368356,0.00216028,0.00398198,0.00469221,0.00324573,0.00152436
0.00133061,0.000839244,0.000993851,0.00377767,0.00662999,0.00549561,0.00260437,0.00135992,0.00222001,0.00266292,0.00153731,0.00193413
0.00204056,0.00304344,0.00426524,0.00381452,0.00237609,0.00305063,0.00797009,0.00801735,0.00343017,0.00217015,0.00190586,0.00136175
0.00109007,0.000841094,0.00281249,0.00250718,0.00261733,0.00310369,0.00653989,0.00830395,0.00373719,0.00342178,0.00230392,0.00161952
0.00195826,0.00242496,0.0020325,0.00169904,0.00140278,0.000998618,0.00610316,0.0090654,0.00296661,0.00322258,0.00296868,0.00274104
0.000919423,0.00149894,0.00245701,0.00226069,0.00151916,0.00240884,0.00823111,0.0126081,0.00474438,0.00180336,0.00301497,0.00333632
0.000530856,0.00118674,0.00237767,0.00330641,0.00345362,0.00214535,0.011812,0.0167873,0.00547659,0.000766241,0.00188476,0.00206327
0.00147704,0.00126611,0.0020409,0.00313854,0.00478803,0.00352114,0.0132298,0.0189387,0.00576336,0.00191718,0.00270439,0.00291512
0.000354564,0.00215393,0.00368342,0.00194959,0.00825708,0.00981604,0.0106347,0.0207281,0.010926,0.00194228,0.00259675,0.00373893
0.0014785,0.00129329,0.00662426,0.00489784,0.0051319,0.00633978,0.00863409,0.0248755,0.0158114,0.00226738,0.00254761,0.00441176
0.000973277,0.00527526,0.00978687,0.00488754,0.00740319,0.00861146,0.0128549,0.0253361,0.0107416,0.00227151,0.00283335,0.00311158
0.00126098,0.00809248,0.0108269,0.00395896,0.00777025,0.0112447,0.0203729,0.020795,0.00640256,0.00167342,0.00373323,0.00491744
0.00262158,0.00615707,0.00587207,0.00454634,0.00979519,0.0105578,0.0174265,0.0106514,0.00319519,0.00249791,0.00358501,0.00713306
0.00809413,0.00511505,0.00462019,0.00367352,0.00584146,0.0114971,0.0145449,0.0087459,0.00336267,0.00354986,0.00363037,0.00838892
0.00619986,0.00497631,0.00216664,0.00315514,0.0052599,0.0112213,0.0120718,0.0058162,0.00212875,0.00215391,0.00233192,0.00693181
0.00433934,0.00540012,0.00427199,0.0077023,0.00755179,0.0106274,0.0104886,0.00649177,0.00309937,0.00210138,0.00214617,0.00357621
0.00474198,0.00556058,0.00210146,0.00592605,0.00495678,0.0104591,0.0152331,0.00693861,0.00266104,0.00240013,0.00214317,0.00309063
0.00384201,0.0052671,0.00274215,0.00960089,0.00974996,0.0123249,0.0153102,0.00459092,0.0017466,0.00281933,0.00324141,0.00407501
0.00361324,0.00541567,0.00285471,0.00794998,0.00901257,0.0128006,0.0196713,0.00964249,0.00358279,0.00425027,0.00490068,0.00367518
0.00255097,0.00216306,0.00211584,0.00253216,0.00270673,0.00628394,0.0098975,0.0048355,0.00122048,0.00117253,0.00146205,0.00205412
0.00209117,0.00320987,0.00297475,0.00390894,0.00272014,0.00335052,0.00623837,0.00292657,0.000925094,0.000837139,0.000855674,0.00115501
0.00249079,0.00251023,0.00176294,0.00560046,0.0104429,0.00561347,0.00367715,0.00165444,0.00101675,0.000599698,0.00145128,0.00275328
0.00196267,0.00160435,0.00127916,0.00356436,0.0101268,0.00680511,0.00293535,0.00164848,0.000559937,0.000869493,0.00143814,0.00283834
0.00162712,0.00221947,0.00267333,0.00490754,0.0104758,0.00620441,0.00221631,0.0019449,0.00163309,0.00135291,0.00136097,0.00228952
0.00165749,0.00129263,0.00268866,0.00437139,0.00899597,0.00472919,0.0021886,0.00113808,0.00101124,0.00172876,0.00152425,0.00161033
0.00135213,0.00119696,0.000969548,0.00473844,0.0125695,0.0073004,0.002557,0.00136894,0.00107618,0.00078016,0.00116856,0.00228707
0.00108587,0.000601426,0.00077988,0.00421028,0.0120948,0.00710264,0.00197401,0.00162045,0.00237247,0.000518737,0.00112028,0.00265848
0.00131348,0.000648771,0.00083274,0.00520375,0.0112162,0.00586211,0.00215438,0.00286098,0.00213425,0.000834358,0.00217228,0.00335061
0.00126688,0.000744256,0.000769021,0.0039365,0.00738032,0.00341409,0.00237674,0.00302949,0.00329543,0.000783833,0.0014844,0.00346194
0.00131417,0.000436812,0.000562218,0.00246729,0.00726593,0.00602267,0.00234057,0.00148322,0.00296733,0.00250236,0.00162126,0.00310357
0.00169777,0.000852337,0.000683362,0.00275025,0.00848494,0.00600261,0.00292402,0.00153605,0.00359769,0.00347349,0.00301549,0.0051385
0.000912813,0.000661011,0.00213382,0.00645589,0.00868183,0.00332324,0.00227898,0.00461181,0.00488429,0.00231244,0.00371868,0.00531859
0.00107847,0.000810158,0.00219049,0.0065547,0.00847761,0.0038848,0.00111043,0.00437755,0.00331005,0.00191352,0.00339737,0.00289525
0.00138401,0.000579763,0.000661094,0.00228258,0.00384879,0.00507641,0.00223322,0.000366655,0.00387592,0.00406895,0.00305901,0.00407161
0.00182811,0.000443026,0.000456908,0.00264293,0.00875072,0.0074989,0.0030803,0.00338502,0.00487568,0.00281816,0.00136867,0.00511247
0.000625179,0.00080091,0.00319435,0.00816044,0.00571509,0.00157413,0.00237243,0.00409313,0.00265364,0.00217502,0.00260173,0.00436078
0.0009811,0.000685375,0.00296061,0.00587419,0.00967052,0.00546824,0.00185696,0.00530081,0.0053254,0.00207764,0.00393805,0.00609651
0.00173028,0.000721929,0.000660748,0.0018049,0.00345005,0.0065958,0.00371429,0.00226351,0.00177213,0.00175948,0.00274788,0.00587875
0.00153408,0.000586429,0.000995619,0.00352292,0.00830324,0.00547765,0.00225357,0.00173045,0.00583253,0.0035807,0.0015865,0.00421717
0.000709161,0.000748656,0.00441106,0.00899969,0.0033402,0.00252989,0.00214914,0.00323574,0.0031519,0.00204694,0.00148754,0.00345406
0.00118702,0.000565399,0.00155741,0.00175072,0.00728304,0.00602643,0.00219325,0.00272601,0.00342991,0.000739398,0.00204645,0.00327622
0.00090061,0.00055829,0.000603684,0.00160678,0.00178554,0.00557297,0.00389631,0.00477923,0.00271597,0.00193254,0.0032011,0.00375598
0.00105457,0.000398472,0.00168111,0.00493084,0.00725675,0.00384023,0.00177663,0.00283494,0.0038801,0.0023432,0.00258721,0.00351779
0.000584056,0.000357715,0.00156648,0.00562541,0.00579369,0.00241384,0.00130829,0.00342919,0.0022884,0.00177144,0.00285663,0.00307217
0.0013294,0.000596471,0.000845188,0.00130311,0.00206269,0.0042186,0.00308006,0.00215617,0.000799158,0.00102017,0.00148662,0.00215644
0.00111614,0.000512823,0.000389226,0.00139074,0.00324245,0.00394333,0.0018849,0.00211658,0.00196156,0.000820724,0.00115521,0.00173173
0.000557637,0.000397521,0.000921631,0.0046697,0.00522016,0.00209656,0.00098865,0.0027627,0.00306287,0.00177921,0.00203345,0.0033848
0.000814119,0.000355396,0.000462032,0.00261953,0.00500251,0.00229073,0.00118535,0.00228418,0.00250083,0.000842974,0.00163457,0.0025747
0.00108723,0.000392707,0.000656951,0.000669799,0.00207785,0.00374007,0.00240593,0.0024673,0.00147931,0.000707442,0.00121758,0.00181952
0.000731775,0.000346941,0.000462895,0.001049,0.00293981,0.00210366,0.000869229,0.00100279,0.00177715,0.00113043,0.00135224,0.00232122
0.000444874,0.000343403,0.00142388,0.00456827,0.00466286,0.00162072,0.00060908,0.00139468,0.000986875,0.000691747,0.00181797,0.0016193
0.000844332,0.000326205,0.000594164,0.00159762,0.00384665,0.00309751,0.00102202,0.000732285,0.000463286,0.000433933,0.00122087,0.00174815
0.000416134,0.000465761,0.000387435,0.00111269,0.00164528,0.00545408,0.00437184,0.00215455,0.00142298,0.00127842,0.0016542,0.00199931
0.000733641,0.00130118,0.00294975,0.00560419,0.00509696,0.00368943,0.00225037,0.00151051,0.000804998,0.00120327,0.00220712,0.00209774
0.000680208,0.00305441,0.0050976,0.0030856,0.00132213,0.00179698,0.00103176,0.000348131,0.00137157,0.00178851,0.000770397,0.000460563
0.000523145,0.00141858,0.00266906,0.00264314,0.00200321,0.00152066,0.000885377,0.000337472,0.000472268,0.00125736,0.00163899,0.00151357
0.000325828,0.00102818,0.000762108,0.000920108,0.00169318,0.00490762,0.00652187,0.00279188,0.000510932,0.000636749,0.000690666,0.000585289
0.00152023,0.00268103,0.00167248,0.00192593,0.0023879,0.00484027,0.00992077,0.00519579,0.000910093,0.000799488,0.000902661,0.000952266
0.00187562,0.00330274,0.00203618,0.00150308,0.00192458,0.00888397,0.0170509,0.00753274,0.000636954,0.000722493,0.000818462,0.000680128
0.00217662,0.00496571,0.00259936,0.000943603,0.00138933,0.0070401,0.015398,0.00715275,0.000566714,0.00085667,0.00121753,0.000966822
0.00239152,0.00619364,0.00381097,0.00122426,0.00154019,0.00544555,0.0135756,0.00714028,0.000920412,0.00111075,0.00183593,0.00122543
0.00700695,0.00986539,0.00323313,0.0038095,0.00365088,0.0063387,0.0106544,0.00433513,0.00171601,0.00248561,0.00230884,0.00156783
0.00812955,0.00833938,0.00431601,0.00880235,0.00979787,0.0107864,0.00761003,0.00254046,0.00153577,0.00236947,0.00214689,0.00402199
0.0102494,0.0109909,0.00490426,0.0102465,0.0120655,0.00746505,0.00810938,0.00384527,0.00333296,0.00439948,0.00388445,0.00367771
0.0116988,0.00587089,0.00339233,0.00639279,0.0110129,0.0113547,0.00618326,0.00279844,0.00197172,0.00406542,0.00280342,0.00753355
0.00649454,0.0124676,0.00988615,0.00979576,0.0129177,0.00637954,0.00231068,0.00276787,0.00938415,0.00671316,0.00380335,0.00358039
0.0034349,0.0044603,0.00760139,0.0110294,0.011192,0.00661938,0.00334348,0.00315549,0.0022947,0.00915467,0.0153227,0.00912269
0.00628426,0.00411047,0.00322813,0.00828023,0.00890264,0.00417395,0.00308244,0.00200432,0.00214374,0.00141509,0.0111273,0.0164544
0.00427411,0.0056069,0.00908937,0.0149319,0.0115981,0.00335177,0.00266245,0.00290967,0.00283352,0.00661453,0.015392,0.0111339
0.00964221,0.00661467,0.00906603,0.00713556,0.00345845,0.00271882,0.00380317,0.00636514,0.00341924,0.00214888,0.00215948,0.00526009
0.00312804,0.00642923,0.00566292,0.00715997,0.00422222,0.00336458,0.00210578,0.00221233,0.0102015,0.00950336,0.00440927,0.00427151
0.00252245,0.00929244,0.0104225,0.00735116,0.00659776,0.00500054,0.00408121,0.00266766,0.0100429,0.0118653,0.00578183,0.00500052
0.00273525,0.0104691,0.00920461,0.00739013,0.0057864,0.00477794,0.00280612,0.00301763,0.0115687,0.00943849,0.0041133,0.00530678
0.00509111,0.0118723,0.0125336,0.0077336,0.00447087,0.00345275,0.00395546,0.00389407,0.014075,0.0133505,0.0048443,0.00637459
0.00582307,0.00648103,0.00962553,0.00836129,0.00465461,0.0026796,0.00183351,0.00214615,0.00470342,0.0144766,0.0161054,0.0079757
0.00218737,0.003454,0.00431935,0.00143513,0.00155824,0.00195835,0.00250019,0.00139539,0.00166338,0.00415484,0.00291409,0.00175318
0.00125476,0.00260809,0.0038339,0.00251663,0.00111074,0.00107341,0.00145034,0.000663813,0.00173134,0.00377864,0.00261077,0.00134718
0.00104232,0.00240317,0.00234569,0.00131119,0.00131366,0.00125424,0.00124505,0.00149823,0.00282885,0.00331327,0.00234984,0.00130801
0.00200683,0.00362382,0.00394762,0.0026732,0.00132095,0.00114314,0.00151101,0.00141005,0.0015492,0.00235269,0.002836,0.00213326
0.00190325,0.0022809,0.00564199,0.005511,0.00290977,0.0015386,0.00133012,0.000820124,0.00199789,0.00494963,0.00506297,0.00228081
0.000914822,0.00331728,0.00920179,0.00723685,0.00225008,0.000760825,0.00114402,0.000553155,0.00211939,0.00424661,0.00360981,0.0030082
0.00217574,0.00534712,0.00551099,0.00490994,0.00242785,0.00130592,0.00072899,0.00097377,0.00346559,0.00357427,0.00355621,0.00290601
0.00255102,0.0079453,0.00676282,0.00186937,0.00101649,0.00310114,0.00330148,0.0022009,0.00321906,0.00313763,0.00286953,0.00254988
0.000908974,0.00502762,0.00970587,0.0051338,0.00128779,0.00226196,0.00291527,0.00239189,0.00186064,0.00263865,0.00249879,0.00212838
0.00102289,0.00693996,0.0120603,0.0051365,0.00106851,0.00186339,0.00270137,0.00282369,0.00221587,0.00363778,0.00235537,0.00240662
0.00144461,0.00866829,0.0096808,0.0031107,0.000561362,0.00196883,0.0024957,0.00386771,0.00284548,0.00293074,0.00306908,0.0023793
0.00155682,0.00762616,0.00746553,0.0019384,0.00056252,0.00191633,0.00196354,0.00441356,0.00301272,0.00399404,0.00339862,0.0028672
0.000997783,0.00746802,0.0101012,0.00354019,0.00084718,0.00250492,0.000682147,0.00513545,0.00408438,0.00313628,0.00325106,0.00138186
0.0008479,0.00528738,0.0110396,0.00463568,0.00107023,0.00190636,0.00210521,0.00357696,0.00480921,0.00330237,0.00199084,0.00195784
0.00102076,0.00909012,0.0177164,0.00902347,0.00179198,0.00226128,0.00419776,0.00615405,0.0072607,0.00586059,0.00483708,0.0047286
0.00267466,0.01035,0.00810714,0.00214113,0.000957522,0.00178625,0.00517386,0.00822357,0.00713913,0.00396085,0.00582109,0.00755036
0.00247929,0.00946143,0.0110671,0.00380886,0.00103192,0.00266243,0.00611422,0.00959566,0.00762618,0.00378865,0.00402281,0.00598846
0.00103512,0.00484896,0.0154161,0.0110447,0.0023,0.00101028,0.00412332,0.00445652,0.00526395,0.0046888,0.00457699,0.00648362
0.00114018,0.00766709,0.0160848,0.00813161,0.00241765,0.00353206,0.00296175,0.00680933,0.00808883,0.00588313,0.00392837,0.00283739
0.00292069,0.00913186,0.00771893,0.00380306,0.0015288,0.00238697,0.0053484,0.00749047,0.00512277,0.00442106,0.00468213,0.00606087
0.00283281,0.00952397,0.00857942,0.00233923,0.00134822,0.00220158,0.00345992,0.00630818,0.00528821,0.00555452,0.00466541,0.00671139
0.0012621,0.00348962,0.0133249,0.00927667,0.0019824,0.00179725,0.0032818,0.00335655,0.00411032,0.0036699,0.0039436,0.00535432
0.000676706,0.00679499,0.017269,0.00968341,0.00178186,0.0012766,0.00336107,0.00455333,0.00371366,0.00211181,0.00415593,0.0046782
0.000735393,0.00822427,0.0132128,0.00495082,0.000858709,0.00194488,0.00182117,0.00635841,0.00547074,0.00263398,0.00141718,0.00296946
0.000397484,0.00552539,0.0128277,0.00724488,0.00162312,0.00125866,0.0015382,0.00205121,0.00360592,0.0029752,0.00318017,0.00218598
0.000508928,0.00204958,0.00268203,0.00823994,0.005572,0.00151031,0.00106481,0.0029455,0.00222511,0.00141138,0.00247617,0.000830314
0.00121164,0.00130073,0.00183801,0.00819872,0.0133182,0.005469,0.00196283,0.00373593,0.00265722,0.000831944,0.00160119,0.00289576
0.00146326,0.00151923,0.00357311,0.00678178,0.00758371,0.00535189,0.0010122,0.00164074,0.00166315,0.00136254,0.00184813,0.00300601
0.00121357,0.00095314,0.00157065,0.00548956,0.0127871,0.00666047,0.00108553,0.00196874,0.00274061,0.00213462,0.00210089,0.00324308
0.00088115,0.000924201,0.00139382,0.00452108,0.0120059,0.00686235,0.00103583,0.00133748,0.00178674,0.00114477,0.00114508,0.00223227
0.00109965,0.000861784,0.00101942,0.00356786,0.00963852,0.00569738,0.000856489,0.000871788,0.00143167,0.00119768,0.0015247,0.00246708
0.00100712,0.00151509,0.0032152,0.00519047,0.0102837,0.00501065,0.000960927,0.0014363,0.00142701,0.000741781,0.00162638,0.00286151
0.00107774,0.000601465,0.00175287,0.00483513,0.00710669,0.00266122,0.000396414,0.000936644,0.00131509,0.000779938,0.001443,0.00256886
0.000967289,0.000893035,0.00238481,0.00295734,0.00537297,0.00393655,0.00110146,0.000605019,0.00135723,0.00096769,0.0012223,0.00248222
0.00139191,0.000646554,0.00159972,0.00144867,0.00672469,0.00482698,0.00132433,0.00117536,0.00162558,0.00113586,0.00167794,0.00275334
0.00090072,0.000558419,0.00164789,0.00474293,0.00783495,0.00329541,0.000546357,0.0013487,0.00155563,0.000730115,0.00140385,0.00224338
0.0010072,0.000701081,0.00183692,0.00469344,0.00487923,0.00173526,0.00077123,0.00212984,0.00205863,0.00120031,0.0016668,0.00264728
0.00115877,0.000738247,0.00127774,0.00258205,0.00416281,0.00199377,0.000658728,0.000303952,0.00086199,0.000741517,0.00108337,0.00223725
0.00127512,0.000569542,0.0011431,0.00198392,0.00444715,0.00277241,0.00058625,0.00093144,0.00139586,0.000392396,0.00128089,0.00234035
0.000826399,0.00060764,0.00105562,0.00348949,0.00564462,0.00238458,0.000724288,0.00135162,0.00160296,0.000812865,0.00108188,0.00190266
0.000949906,0.000433588,0.00116965,0.00261897,0.00752398,0.00409641,0.000810216,0.00148128,0.00198556,0.000767492,0.000897128,0.00197216
0.00109142,0.000557099,0.00103481,0.000964817,0.0049867,0.00439869,0.00105155,0.000758768,0.000974949,0.00069973,0.00064035,0.0017648
0.000827585,0.000411147,0.000757434,0.00219127,0.00462251,0.00231284,0.00064328,0.000648216,0.00119588,0.000529125,0.000647961,0.00153011
0.00064413,0.000512924,0.00171632,0.00570924,0.00721348,0.00216952,0.000712891,0.00155135,0.00106096,0.000717829,0.000932333,0.00131762
0.000935714,0.000391102,0.000866392,0.00187914,0.0048534,0.00305579,0.000573087,0.000938748,0.00175399,0.000759154,0.000640981,0.00133901
0.000928232,0.000314434,0.000524698,0.00121894,0.00465411,0.00313189,0.000492993,0.000766487,0.00147929,0.000965882,0.000642089,0.00173908
0.000667187,0.00034808,0.000606435,0.00229315,0.00435591,0.00194515,0.000431834,0.000928222,0.00143449,0.000739216,0.000666478,0.00123754
0.000469393,0.000299052,0.00100028,0.00306524,0.00392149,0.00131412,0.000373462,0.00142866,0.00162122,0.000643059,0.00124604,0.00125238
0.000814589,0.000341302,0.000379331,0.00128897,0.00286234,0.00207381,0.000563272,0.000635507,0.000814836,0.000483696,0.000403714,0.00107959
0.000933557,0.000409576,0.000610576,0.000793871,0.00327029,0.00267348,0.000883857,0.000543533,0.000993459,0.000871622,0.00056158,0.00114054
0.000535717,0.000266445,0.000626898,0.00269052,0.00381413,0.0015005,0.000517503,0.000667438,0.00111389,0.000719551,0.000760374,0.00092871
0.000498795,0.000350653,0.00107948,0.00365907,0.00416311,0.00130901,0.000561012,0.00101821,0.000464179,0.000348768,0.000707099,0.000977886
0.000483075,0.000214557,0.000260656,0.00124941,0.00304423,0.00202609,0.000662824,0.000416489,0.000508853,0.000480652,0.000554185,0.000867051
0.00071124,0.000193107,0.00028447,0.000782383,0.00236145,0.00193771,0.000705856,0.000731488,0.000419211,0.000374223,0.000635428,0.00111661
0.000455162,0.000233381,0.000490764,0.00192729,0.00263573,0.00103074,0.000609149,0.000735697,0.000813955,0.000453567,0.000766593,0.000965777
0.000611931,0.000159371,0.000248138,0.00102162,0.0029835,0.00188807,0.000499928,0.000358995,0.000695182,0.000423037,0.000440642,0.000888059
0.00057549,0.00022863,0.000206893,0.000583057,0.00274327,0.00199361,0.000410935,0.000549926,0.000713557,0.000517519,0.00039758,0.000743484
0.000446667,0.000222192,0.000211188,0.000793696,0.0022072,0.00154697,0.000478597,0.000195489,0.000227282,0.000288549,0.000565671,0.000804742
0.000345422,0.000283624,0.000658153,0.00205155,0.00227024,0.000640695,0.000200394,0.000454341,0.000519471,0.000298191,0.000411458,0.000510577
0.000227231,0.000284717,0.000872083,0.00230728,0.00281122,0.00119389,0.00037768,0.000428769,0.00036204,0.000203341,0.000424175,0.000432292
0.000288172,0.000339781,0.000341646,0.000421804,0.00175981,0.00210371,0.00075013,0.000283425,0.000293129,0.00022565,0.000274265,0.000271872
0.000473685,0.000279641,0.00030149,0.000424545,0.00140294,0.00159513,0.000514907,0.000291623,0.000337567,0.000231784,0.000181464,0.000451742
0.000278736,0.000218154,0.000346013,0.00103638,0.00139666,0.000465561,0.00033356,0.000372377,0.000325956,0.000263104,0.000298748,0.000295508
0.000400524,0.000256241,0.000231154,0.000519014,0.00121227,0.000911368,0.000396081,0.000269729,0.000296363,0.000293095,0.000330126,0.000368931
0.000289199,0.000318351,0.000277124,0.00021067,0.00121798,0.00122432,0.000378209,0.000237617,0.00020672,0.000208325,0.000175562,0.000239421
0.000239162,0.000346751,0.000320365,0.000739462,0.00138054,0.000790753,0.000245453,0.000197064,0.00024853,0.0002616,0.000277915,0.000242182
0.00110154,0.00171406,0.00299099,0.00263857,0.00167126,0.00152071,0.00371618,0.00481082,0.00272763,0.00076793,0.000786524,0.00108349
0.000450524,0.000732984,0.00148502,0.001176,0.000659926,0.000601072,0.000929064,0.00268404,0.001484,0.000241009,0.000256874,0.000349594
0.000299181,0.000341455,0.000520946,0.000425251,0.000407997,0.000329701,0.000850535,0.00138717,0.000786855,0.000188199,0.00032926,0.000482532
0.000350759,0.000320408,0.000410194,0.000259286,0.00033315,0.000408147,0.00108372,0.00209288,0.00114056,0.000232038,0.00034254,0.000424942
0.000425255,0.000459492,0.00107246,0.000714702,0.000226847,0.000321611,0.000911859,0.00182095,0.00110531,0.00019384,0.000186141,0.000302597
0.000328437,0.000486058,0.00143539,0.000914401,0.000314695,0.000441802,0.000744813,0.00207225,0.00126869,0.000242216,0.000296489,0.000291574
0.000285141,0.000528654,0.00157819,0.000992902,0.000267456,0.000320454,0.000735247,0.00168973,0.000986669,0.000209937,0.000338695,0.000420855
0.000206819,0.000582864,0.00149338,0.000878837,0.000176994,0.000242703,0.000521852,0.00127569,0.000787284,0.000182671,0.00032484,0.000451113
0.000260808,0.000519294,0.00123038,0.000728956,0.000283496,0.000271029,0.000457906,0.00114293,0.000673644,0.000144051,0.000291687,0.000325419
0.000292059,0.000324948,0.000771466,0.000595484,0.000228676,0.000183775,0.000365784,0.000953577,0.000566115,0.000137949,0.000143919,0.000197019
0.000364774,0.00027523,0.000459717,0.000333862,0.000242258,0.000266981,0.000491826,0.00125598,0.000774435,0.00014832,0.000223936,0.000282426
0.000303335,0.000304338,0.000774446,0.000552102,0.000256576,0.000326777,0.000504109,0.0011705,0.000726193,0.000134067,0.000167547,0.000183475
0.000229775,0.000369402,0.000913956,0.000556435,0.000207656,0.000242246,0.000348542,0.00087891,0.000621844,0.000200695,0.00017291,0.000188695
0.000114904,0.000441661,0.000979549,0.000632995,0.000253983,0.00026794,0.000380625,0.000745756,0.000511802,0.000164274,0.000192359,0.00013899
0.000135771,0.000341688,0.000776825,0.000560992,0.000150457,0.000184512,0.000305371,0.000743892,0.000497119,0.000174228,0.000183894,0.000159386
0.000152482,0.000315394,0.000667587,0.000423031,0.000180177,0.000238604,0.000332963,0.000749016,0.000483286,0.000134081,0.000176331,0.000163878
0.000263223,0.000245663,0.000502387,0.0003366,0.000232229,0.000284019,0.00036741,0.000771047,0.000507806,0.000228536,0.00022258,0.000222378
0.00036946,0.000189311,0.000362212,0.000239361,0.000240033,0.000165944,0.000287662,0.000589268,0.000326909,0.000210317,0.000228948,0.000223904
0.0003974,0.000724087,0.000973242,0.00130548,0.00381722,0.00271012,0.00108846,0.000567449,0.00162363,0.00419474,0.00259189,0.000648798
0.000286378,0.000241131,0.000465374,0.000641041,0.00189371,0.00136306,0.000351345,0.000413505,0.00101901,0.00270623,0.00184853,0.000324747
0.000256024,0.000349791,0.000499563,0.000448077,0.000850619,0.000654177,0.000349167,0.000456326,0.0006242,0.00173651,0.00113205,0.000240354
0.000365182,0.000190671,0.000421631,0.000715734,0.00145573,0.000912719,0.000213718,0.000257568,0.000543724,0.0013007,0.000837704,0.00027922
0.000449802,0.000314065,0.000398758,0.000678153,0.00192124,0.00125786,0.000283653,0.000247964,0.000723526,0.00171408,0.000905323,0.000252317
0.000408737,0.000259458,0.000312902,0.000563872,0.00161033,0.00110235,0.000295969,0.000309029,0.000502662,0.00117044,0.000752662,0.000217953
0.000290877,0.000199344,0.000294408,0.000456242,0.00119989,0.000802764,0.000182621,0.000302658,0.000496647,0.000893858,0.000731892,0.00018876
0.00140635,0.00102843,0.000874529,0.000819037,0.00116277,0.00112407,0.000720355,0.000524631,0.000956916,0.00157095,0.00114998,0.00121181
0.00195923,0.000838335,0.000564516,0.000417963,0.000810703,0.0013148,0.00239753,0.00150287,0.000524279,0.00077911,0.00110961,0.00306728
0.00178655,0.000469455,0.000440106,0.000413547,0.000813705,0.00106835,0.00161834,0.0010242,0.000288978,0.000280586,0.00121718,0.00318763
0.0017046,0.000242151,0.000236326,0.000299635,0.000486133,0.000487642,0.000888634,0.000546367,0.00031011,0.000404026,0.00125542,0.00296757
0.00135783,0.000280708,0.000241771,0.000244261,0.000302138,0.000527507,0.000778472,0.000498651,0.000324263,0.000310241,0.00105105,0.00224918
0.000956493,0.000324266,0.000236256,0.000179296,0.000218361,0.000487593,0.000683992,0.000445652,0.000281074,0.000339816,0.000626049,0.00155214
0.000420086,0.000269609,0.000188019,0.000255318,0.000297878,0.000725207,0.00116594,0.000650049,0.0002214,0.000226786,0.00051077,0.000802556
0.000539564,0.000295919,0.000182768,0.000142295,0.000294655,0.000362865,0.000244358,0.000279484,0.000250051,0.000258699,0.000372638,0.000688365
0.00122418,0.00199855,0.00333957,0.00252223,0.00153825,0.00190385,0.00372386,0.00475325,0.00296692,0.000939583,0.000756066,0.0010913
0.000556357,0.000964893,0.00168012,0.000982038,0.000401245,0.000405223,0.00175713,0.00409981,0.00211195,0.000284508,0.000443847,0.000705496
0.000424185,0.000475198,0.000986201,0.000597782,0.000290925,0.000290766,0.000796245,0.00172681,0.000887359,0.000179572,0.000314578,0.000540715
0.000397286,0.000440485,0.000571822,0.000406536,0.000251304,0.000309892,0.00102533,0.00250099,0.00131464,0.000273683,0.000278021,0.00049457
0.000372029,0.000612631,0.0010508,0.000618481,0.000257692,0.000250625,0.000847981,0.00198815,0.00100604,0.000312768,0.000505597,0.000504141
0.000485618,0.000716855,0.00156965,0.00104253,0.000230635,0.000159576,0.00067498,0.00193433,0.00120611,0.000315988,0.000253794,0.000505314
0.000317548,0.00081674,0.00195907,0.00124688,0.000274132,0.000243308,0.000632619,0.00164848,0.00115037,0.000337731,0.000262986,0.00049809
0.000492765,0.000638894,0.00116749,0.000930171,0.000359235,0.00044205,0.000748173,0.00120692,0.000706464,0.000218834,0.000545717,0.000588365
0.000956903,0.00231283,0.00169082,0.00141814,0.000932426,0.0074793,0.0144792,0.00583057,0.000806236,0.000329034,0.000746384,0.000690113
0.000939928,0.00161606,0.00107967,0.00104921,0.00035752,0.00499748,0.0108491,0.0048143,0.000458804,0.000445233,0.000625488,0.000454638
0.00101615,0.0021497,0.00118494,0.000544931,0.00045424,0.00270931,0.00709102,0.00360991,0.00064703,0.000370494,0.000687378,0.000636261
0.000620156,0.0012884,0.000763754,0.000375489,0.000339613,0.00289195,0.00703581,0.00339802,0.000449383,0.000358947,0.000723201,0.000622299
0.000677159,0.00110036,0.000542057,0.000461921,0.00041642,0.00189126,0.00544952,0.0030454,0.00057059,0.000267134,0.000485624,0.00036341
0.000501256,0.000895033,0.000583814,0.000412903,0.000264668,0.00259479,0.0062058,0.00316394,0.000407495,0.000291442,0.000451336,0.000292261
0.000312634,0.000508556,0.000462181,0.000353622,0.000287381,0.00216052,0.00536033,0.00289709,0.000468459,0.000191183,0.000225516,0.000223976
0.000373549,0.000262388,0.000408379,0.000323286,0.000280123,0.00202329,0.00356858,0.00142357,0.00041686,0.000208144,0.000349404,0.000342503
0.0014815,0.00184066,0.00246295,0.00398593,0.00449403,0.00398336,0.00305764,0.00131491,0.000493177,0.0005235,0.000932858,0.00135467
0.00114311,0.000970312,0.000813754,0.00356784,0.00866184,0.00482315,0.00169932,0.00102308,0.00046593,0.000224746,0.000679297,0.00151482
0.00121942,0.000515027,0.000572352,0.00282336,0.00846292,0.00472155,0.000611578,0.000505683,0.000393405,0.00016866,0.000671836,0.00150867
0.00118918,0.000483505,0.000279889,0.00280128,0.00836269,0.00524952,0.00105459,0.000509253,0.000351396,0.000275459,0.000650595,0.00137851
0.000800056,0.000385979,0.000260275,0.0023045,0.00717962,0.00406081,0.000689921,0.000622304,0.000272755,0.000187689,0.000531932,0.00112185
0.00081317,0.000282521,0.000389884,0.0018582,0.00601475,0.00381434,0.000967996,0.000675246,0.000298839,0.000251289,0.000471804,0.00111834
0.000783126,0.000330927,0.000256231,0.00192807,0.00547171,0.00337582,0.000959726,0.000523437,0.000293187,0.000196339,0.000520714,0.000940793
0.000761788,0.000332351,0.000148987,0.00171906,0.00476503,0.00250975,0.000574922,0.000475664,0.000235099,0.000134782,0.000405764,0.000715073
0.00070113,0.00027201,0.000296721,0.00143587,0.0040618,0.00244652,0.000540132,0.000425441,0.000276454,0.000130744,0.00036525,0.000697131
0.000596041,0.00022309,0.00020927,0.00130364,0.00389414,0.00245973,0.000524396,0.000376197,0.000331343,0.000187826,0.000351714,0.000655233
0.000635562,0.000184239,0.000164226,0.00121194,0.0036123,0.00218091,0.000572099,0.000572125,0.000382256,0.000167853,0.000419519,0.000771842
0.000663941,0.000513914,0.000437815,0.0013529,0.00261848,0.00178006,0.000597281,0.000256188,0.000218781,0.000108919,0.000543774,0.000907029
0.000642319,0.000377613,0.000266508,0.000344365,0.000748478,0.00051442,0.000246701,0.000314242,0.000283268,0.000159722,0.000415648,0.000755635
0.000825923,0.00308272,0.00611322,0.00360435,0.000534216,0.000538727,0.000784634,0.000469869,0.000354295,0.000720109,0.000707077,0.0011865
0.000494677,0.00121722,0.00438765,0.00315538,0.000689057,0.000620319,0.000835002,0.000589778,0.000409135,0.00065482,0.000498802,0.000590854
0.000460885,0.000829136,0.00303488,0.00212785,0.000645725,0.000509019,0.000978752,0.00057884,0.000254527,0.000788154,0.000788948,0.000658016
0.000392588,0.000851725,0.00296638,0.00183142,0.000601942,0.000602407,0.000938559,0.000510415,0.000354745,0.000774949,0.000588163,0.000585588
0.000650278,0.000475563,0.00101446,0.00104691,0.00174664,0.0012081,0.000511764,0.000269977,0.000311718,0.000722053,0.000689296,0.000955617
0.000480508,0.000738137,0.00131192,0.00228552,0.00609159,0.00396476,0.00069145,0.000291635,0.000295108,0.000255683,0.000425219,0.000707954
0.000584515,0.000133828,0.000467801,0.00182294,0.00608928,0.00412491,0.000823893,0.000398057,0.00031348,0.000309766,0.000421646,0.000798418
0.000617904,0.000402523,0.000650057,0.00182572,0.00595296,0.00372331,0.000531573,0.000187331,0.000221402,0.000256812,0.000350017,0.000695869
0.000704197,0.000443543,0.000725494,0.00198586,0.00499493,0.00280913,0.000339395,0.000275711,0.000251101,0.000154191,0.000413138,0.000777673
0.000499499,0.000264951,0.000433655,0.00159903,0.00442898,0.00251967,0.000349269,0.000285141,0.000254302,0.000172122,0.000448489,0.000827438
0.000514749,0.000170482,0.000356126,0.00122865,0.00375949,0.0022896,0.000349001,0.000298096,0.000318995,0.000223925,0.000448294,0.000977883
0.00059648,0.0001653,0.000231513,0.00109271,0.00308356,0.00180153,0.000259633,0.00018484,0.000239078,0.000253215,0.000519049,0.000933984
0.000615474,0.000207488,0.000263589,0.000889004,0.00251418,0.00145262,0.000242439,0.000178552,0.000241744,0.000172739,0.000387563,0.000907497
0.000478743,0.000200697,0.0003101,0.000768534,0.00195785,0.00112783,0.000153657,0.00028927,0.000237907,0.000193622,0.000384292,0.000761616
0.000460771,0.00021488,0.000318008,0.000591423,0.0016593,0.000950195,0.000176449,0.000147828,0.000162272,0.000191189,0.000317855,0.000684713
0.000432801,0.000177803,0.000165621,0.000520212,0.00146432,0.000876263,0.000191921,0.00011722,0.000245664,0.000258249,0.000434292,0.0007195
0.000372398,0.000159473,0.000193395,0.000577993,0.00149503,0.000866368,0.000208285,0.000217615,0.000247198,0.000152019,0.000357688,0.000674557
0.000403833,0.000206063,0.000249455,0.000584503,0.00150928,0.000827311,0.000219831,0.000168716,0.000215712,0.000127733,0.000332788,0.000581119
0.000377895,0.000242401,0.000192971,0.000405473,0.000793804,0.000406318,0.000527859,0.000223931,0.000206659,0.000164188,0.000267273,0.000423742
0.000375686,0.000176334,0.000226777,0.000320145,0.000606306,0.000671912,0.000692035,0.000323809,0.000116881,0.000151366,0.000251712,0.000341322
0.00121988,0.00168294,0.00134893,0.00115927,0.00162107,0.00392013,0.00500636,0.00281241,0.000672948,0.000248769,0.000453519,0.000647257
0.000466024,0.000769923,0.000567561,0.000326108,0.000576014,0.00340288,0.00897377,0.00461585,0.000356249,0.000263788,0.000442563,0.000471324
0.000367529,0.000672274,0.00050226,0.000239428,0.000424202,0.00327274,0.00749883,0.003522,0.000243847,0.000306165,0.000595135,0.00053275
0.000386665,0.000717274,0.000448927,0.000249603,0.000291079,0.00248073,0.00581282,0.00290643,0.000267308,0.000298663,0.000502588,0.000423757
0.00137647,0.00198873,0.00204712,0.00267013,0.00298879,0.00144221,0.00334233,0.00163279,0.000434906,0.000337976,0.000843123,0.00102348
0.00115832,0.00127906,0.00129836,0.00330718,0.00964179,0.00576353,0.00168454,0.0010249,0.000620576,0.00045165,0.00058665,0.00127402
0.00114058,0.000335303,0.000470912,0.00263608,0.00843475,0.00543582,0.00104153,0.000602177,0.0005451,0.000368628,0.000590522,0.00150069
0.000966065,0.000410724,0.000333009,0.00228243,0.00677574,0.00406137,0.000342659,0.000308989,0.00026655,0.000172655,0.000460818,0.00125014
0.000460028,0.000533684,0.00093711,0.00276777,0.00476041,0.00257803,0.0011377,0.000397112,0.000222577,0.000164693,0.000417266,0.000598629
0.000967359,0.00293901,0.00409425,0.00148675,0.00127309,0.0010987,0.00160618,0.000840737,0.000329033,0.000440843,0.000372836,0.000592374
0.000659502,0.0012136,0.00290771,0.00207765,0.00138166,0.000985512,0.00150703,0.000764059,0.000418121,0.000633833,0.000535574,0.000807737
0.000610178,0.000710275,0.00125287,0.000897766,0.000967937,0.000779593,0.00124997,0.000628473,0.000291405,0.000602646,0.000398507,0.000684884
0.000497631,0.00055419,0.00128249,0.000936686,0.000850966,0.000821705,0.00113238,0.000521607,0.000287278,0.000582811,0.000607411,0.000582679
0.000426852,0.000650948,0.00149744,0.00096284,0.000552134,0.000628627,0.000780859,0.000415994,0.000215569,0.000625147,0.000453112,0.000414693
0.000331214,0.000564213,0.00146208,0.00105897,0.000669719,0.000473493,0.000738565,0.000368845,0.000239247,0.000542607,0.000402352,0.000395902
0.00036629,0.000479061,0.0012743,0.000806906,0.000638793,0.000622241,0.000765128,0.000362258,0.000251713,0.000464168,0.000302073,0.000283961
0.000198029,0.000423077,0.00100197,0.000752612,0.0005466,0.000326285,0.000653034,0.000299915,0.000131631,0.000418157,0.000322045,0.000255331
0.000242716,0.000348932,0.000823689,0.000524501,0.000428134,0.000470259,0.000524682,0.000231502,0.000169553,0.000392986,0.000368999,0.000264166
0.000291534,0.000728756,0.00116228,0.000582686,0.000365802,0.000405914,0.000499941,0.000268947,0.000204715,0.00034527,0.000268931,0.000294643
0.000672267,0.00297641,0.0053843,0.00299443,0.000439913,0.00044483,0.000907448,0.00051413,0.000187671,0.000238371,0.000391417,0.000583923
0.000570865,0.00117203,0.00444822,0.00321385,0.000795174,0.000390173,0.00089258,0.00060901,0.000211743,0.000579381,0.000428109,0.00036779
0.000390773,0.000954122,0.00282179,0.00173824,0.000388268,0.000556095,0.000958324,0.000625366,0.000233182,0.000551877,0.000449766,0.000272095
0.000226704,0.000854425,0.00225765,0.00128732,0.000370865,0.000505609,0.000916526,0.000497273,0.000214196,0.000572208,0.000372056,0.000202826
0.000248158,0.00101047,0.00231891,0.00132749,0.000324326,0.000490396,0.00086138,0.000489229,0.000314101,0.000666138,0.000513367,0.000252343
0.000282576,0.000781302,0.00213673,0.00135171,0.000287106,0.000369051,0.000607117,0.000371013,0.000261291,0.000489009,0.000474043,0.000312253
0.000415758,0.000736472,0.0019258,0.0011654,0.000220563,0.00037771,0.000569971,0.000350406,0.00024098,0.000479249,0.000365873,0.000285903
0.000276231,0.000604338,0.0016648,0.000976179,0.000223975,0.000351067,0.000550476,0.000289278,0.000166373,0.000436572,0.00038471,0.00021939
0.000409018,0.000569846,0.00144797,0.000909466,0.000282084,0.000391012,0.000548999,0.000277151,0.0001713,0.000354624,0.000269046,0.000158025
0.000402994,0.000624341,0.00143099,0.000937347,0.000330332,0.000390985,0.000551588,0.000283629,0.000183245,0.0003975,0.000269502,0.000168499
0.000262371,0.000564281,0.00129302,0.000785836,0.000138496,0.000256993,0.000545054,0.000376001,0.000228319,0.000332862,0.000252789,0.000142393
0.000338317,0.000347737,0.000647347,0.000597092,0.000433198,0.000506623,0.000502112,0.00030973,0.000305344,0.000394487,0.000280249,0.000211595
0.000472295,0.000405258,0.000462358,0.000598818,0.000738049,0.000544222,0.000303346,0.000241927,0.000144391,0.000190798,0.000166539,0.000232713
0.00025236,0.000408388,0.000442813,0.000438221,0.00119266,0.000772114,0.000397897,0.000278937,0.000176642,0.000166638,0.000213406,0.000377935
0.000278705,0.000188195,0.000384185,0.000549738,0.00154099,0.000959886,0.000335515,0.000216138,0.000167178,0.000163138,0.000190186,0.000298241
0.000433987,0.000215033,0.000304717,0.000561889,0.0016948,0.00108449,0.000323212,0.000226881,0.000114249,0.000128206,0.000193096,0.000347161
0.000452459,0.000217028,0.000154003,0.000539564,0.00172243,0.0010697,0.000250595,0.000250634,0.000102924,0.000118632,0.000254852,0.000347025
0.000394816,0.000244915,0.000267073,0.000601602,0.00167563,0.000888279,0.000152634,0.000158,6.31894e-05,0.000118919,0.000258983,0.000385689
0.000305515,0.000125007,0.000229653,0.000679257,0.001586,0.000825727,0.000207516,0.000207418,0.00015684,0.000193142,0.000360267,0.000444809
0.000186168,0.000121862,0.000137622,0.000627478,0.00153071,0.000819785,0.000262122,0.000232156,9.83413e-05,0.00012204,0.000349727,0.000385481
0.000181791,0.000105912,0.000132688,0.00044742,0.00135575,0.000849402,0.000333479,0.000193391,0.000141107,0.000204449,0.000291121,0.000332599
0.000295079,0.000146176,0.000272591,0.000427783,0.00127829,0.000858656,0.000266946,0.000160279,0.000110721,0.000169961,0.000227239,0.000295654
0.000332,0.000140962,0.000130452,0.000510821,0.00119648,0.000718937,0.000208714,0.000189497,0.000124728,0.000172609,0.000305289,0.000300682
0.000370038,0.000204179,0.000122929,0.000372683,0.00101604,0.000670812,0.000287348,0.000167771,0.000139612,0.000142731,0.000290001,0.00036881
0.000124411,0.000141016,0.000234206,0.00036375,0.000963537,0.000632114,0.000232257,0.000183282,0.000127636,8.49767e-05,0.00016721,0.00026173
0.000268661,0.00022192,0.00021708,0.000344502,0.000828652,0.000567641,0.000320303,0.000258019,0.000159648,9.95905e-05,0.000250038,0.000308633
0.000238667,0.00025324,0.000244591,0.000399982,0.000796949,0.00046683,0.000259235,0.000151363,7.09099e-05,0.000111945,0.000255409,0.000335011
0.000167269,0.000113505,0.000102081,0.000274624,0.000639455,0.00037083,0.000227344,0.00026307,0.000166139,0.000120983,0.000213829,0.000330673
0.000326412,0.000197921,0.000139787,0.000255803,0.000532491,0.000317604,0.000246782,0.000253603,9.47707e-05,0.000136728,0.000278368,0.000305562
0.000418803,0.000217942,0.000188159,0.000251712,0.000515123,0.000306279,0.000223769,0.000183936,0.000106777,0.000138375,0.00021754,0.000258129
0.00047876,0.000194047,0.000188764,0.000200051,0.000577488,0.000400569,0.000142234,0.000133796,9.73268e-05,0.000117945,0.000265636,0.000314777
0.000532895,0.000217402,0.0001642,0.000206079,0.000404752,0.000329724,0.000197779,0.000176059,9.84053e-05,0.000112523,0.000175279,0.000226279
0.000470733,0.000203147,0.00012957,0.000239541,0.000523413,0.000437995,0.000313449,0.000196864,9.8913e-05,0.000113635,0.000169151,0.000211618
0.000351956,0.000179749,0.000246672,0.000269098,0.000616075,0.000399174,0.000213913,0.000195346,0.000150424,9.52892e-05,0.000192596,0.00022223
0.000257297,0.000138905,0.000235513,0.000343084,0.000522744,0.000286512,0.000194998,0.000159469,0.000105322,0.000141187,0.000207522,0.000243611
0.000177958,0.00014656,0.000203233,0.000295807,0.000455621,0.000324992,0.000240868,0.000198299,0.00010897,0.000100999,0.000132274,0.000207936
0.000133602,0.000150923,0.000191466,0.000212697,0.000521027,0.000511148,0.000346588,0.000195689,0.000100626,8.84608e-05,0.000175588,0.000263043
0.000204456,0.000117147,0.000237289,0.000279029,0.000493342,0.000380528,0.000233042,0.00019048,0.000129902,0.000205736,0.000244819,0.00018758
0.000389765,0.000201541,0.00016599,0.000240266,0.000445027,0.000308822,0.000208212,0.00019517,0.000146501,0.000167711,0.000204524,0.000219887
0.000373336,0.00022822,0.000162006,0.000186657,0.000393503,0.000327191,0.000270987,0.00020356,9.5278e-05,9.55666e-05,0.000186324,0.00022064
0.000290471,0.00015888,0.000254318,0.00026176,0.000364913,0.000239205,0.000221012,0.000151399,0.000113387,0.000145547,0.000187101,0.000234519
0.000231011,0.000165292,0.000205459,0.000283223,0.000362354,0.000139017,0.000221487,0.000190774,0.000143376,0.00010299,0.000233296,0.00018573
0.000188369,0.000157428,0.000155157,0.000160812,0.000255338,0.000186237,0.000215689,0.000206342,0.000145419,0.000106577,0.000183601,0.000179018
0.000162476,0.000147521,0.000205922,0.000152056,0.000284836,0.000242602,0.000206488,0.000203579,0.000183933,0.000136321,0.000189681,0.000241352
0.000120093,0.000160551,0.000217865,0.000227952,0.000339237,0.000218604,0.000231899,0.000230968,0.000187927,0.000131618,0.000195973,0.000276201
0.000196701,0.000152917,7.51304e-05,0.000207454,0.000292144,0.000207423,0.000291477,0.000289024,0.000195725,8.30848e-05,0.000236194,0.000259127
0.000202536,0.000136444,0.000107249,0.000109634,0.000128786,0.000114271,0.000166673,0.000167552,0.000131228,0.000105178,0.000123196,0.000131647
9.78247e-05,8.18112e-05,5.69975e-05,6.42205e-05,6.40295e-05,6.80266e-05,6.57974e-05,4.42455e-05,4.52994e-05,3.19565e-05,7.73352e-05,7.2853e-05
5.26058e-05,9.58277e-05,6.58829e-05,3.7274e-05,3.03838e-05,3.73702e-05,4.80753e-05,2.89948e-05,3.64906e-05,2.92184e-05,3.34618e-05,6.03693e-05
0.00011154,5.55183e-05,6.72261e-05,5.67084e-05,4.87055e-05,4.48445e-05,5.94133e-05,4.92095e-05,5.94083e-05,6.54841e-05,7.74113e-05,9.12103e-05
0.000113377,5.45051e-05,7.2992e-05,4.76286e-05,3.78315e-05,5.02505e-05,6.49909e-05,5.6711e-05,3.6993e-05,4.20603e-05,9.15798e-05,9.35048e-05
0.000118447,7.65662e-05,5.87525e-05,5.33445e-05,6.46934e-05,6.03576e-05,5.78689e-05,5.88153e-05,3.65076e-05,4.21943e-05,7.25642e-05,8.0939e-05
9.31252e-05,7.45975e-05,7.60919e-05,6.8266e-05,5.19612e-05,3.74567e-05,3.77296e-05,4.07787e-05,4.2854e-05,4.41587e-05,3.33957e-05,6.18874e-05
0.000107006,6.07657e-05,5.72043e-05,7.20856e-05,7.43603e-05,6.62249e-05,5.29299e-05,5.41031e-05,5.56065e-05,6.99418e-05,6.74504e-05,6.07362e-05
9.19954e-05,6.15801e-05,5.13152e-05,7.06675e-05,7.2016e-05,3.26654e-05,1.76814e-05,3.05089e-05,3.55797e-05,5.69409e-05,2.94563e-05,4.82037e-05
0.000158655,0.000100102,5.95507e-05,4.55453e-05,4.04357e-05,3.50327e-05,3.00831e-05,4.35655e-05,5.33063e-05,6.79183e-05,6.11463e-05,5.52455e-05
9.72534e-05,9.85247e-05,6.26599e-05,3.55493e-05,5.28792e-05,4.07763e-05,5.10627e-05,5.07089e-05,3.58278e-05,2.91919e-05,6.40669e-05,7.85394e-05
0.000110406,6.10698e-05,3.78916e-05,4.74825e-05,8.18811e-05,7.11405e-05,5.66492e-05,2.42133e-05,3.83185e-05,2.84501e-05,4.6415e-05,6.04523e-05
0.000127495,8.33076e-05,5.27258e-05,4.92787e-05,7.8807e-05,5.12482e-05,3.42876e-05,4.00991e-05,4.0922e-05,3.81799e-05,3.56858e-05,5.81893e-05
7.02285e-05,3.71006e-05,6.53451e-05,4.94941e-05,4.31842e-05,7.33478e-05,7.03137e-05,4.90831e-05,3.28583e-05,4.19626e-05,3.79529e-05,4.65999e-05
4.37417e-05,4.55719e-05,6.23974e-05,6.23567e-05,5.83468e-05,5.54353e-05,3.90009e-05,3.80548e-05,2.64058e-05,3.37346e-05,3.93079e-05,5.17225e-05
7.00594e-05,5.87678e-05,5.23362e-05,4.06707e-05,3.8959e-05,6.8923e-05,5.67426e-05,4.64223e-05,4.56185e-05,4.56215e-05,3.33449e-05,5.11233e-05
8.03147e-05,5.82731e-05,7.17885e-05,4.80551e-05,5.30554e-05,7.32267e-05,6.65852e-05,5.71459e-05,4.71726e-05,5.52254e-05,5.39694e-05,2.9656e-05
8.33737e-05,5.23362e-05,6.07477e-05,5.43247e-05,4.69568e-05,6.80235e-05,5.00027e-05,5.39818e-05,4.89474e-05,4.59946e-05,5.25811e-05,5.41113e-05
9.23323e-05,5.37249e-05,5.34614e-05,7.38731e-05,6.95525e-05,4.85728e-05,3.75348e-05,2.61306e-05,4.86382e-05,4.54913e-05,4.87914e-05,6.18658e-05
9.9595e-05,6.25226e-05,5.84527e-05,6.64398e-05,5.13496e-05,2.63318e-05,3.06597e-05,3.76893e-05,4.0428e-05,5.73316e-05,6.76763e-05,5.45177e-05
8.09501e-05,5.38944e-05,3.86717e-05,6.32835e-05,7.3916e-05,4.82902e-05,4.47603e-05,5.16085e-05,4.05558e-05,3.90165e-05,5.21075e-05,4.66441e-05
9.15522e-05,9.19998e-05,5.03645e-05,5.47321e-05,5.67711e-05,4.73197e-05,4.17713e-05,4.58672e-05,3.01539e-05,5.2074e-05,5.77121e-05,4.51279e-05
0.000138214,0.000115279,6.70752e-05,5.26199e-05,6.75862e-05,5.05775e-05,6.40565e-05,6.10447e-05,3.78898e-05,4.8052e-05,5.02631e-05,4.26464e-05
0.000178261,0.000140817,9.33845e-05,6.15583e-05,5.4135e-05,5.31856e-05,4.62682e-05,3.64826e-05,4.23601e-05,6.32412e-05,5.69597e-05,6.26669e-05
9.72274e-05,4.17732e-05,6.52951e-05,3.46035e-05,5.11108e-05,5.47661e-05,5.01296e-05,3.93476e-05,3.09938e-05,2.93685e-05,4.59264e-05,8.05061e-05
9.02274e-05,4.32107e-05,3.93542e-05,6.08105e-05,6.35836e-05,4.90664e-05,2.9747e-05,4.23747e-05,6.20852e-05,7.62779e-05,8.92374e-05,7.55604e-05
4.16195e-05,6.13256e-05,7.9213e-05,7.31865e-05,6.59273e-05,6.07279e-05,4.73937e-05,4.25125e-05,4.27541e-05,2.52169e-05,7.50454e-05,6.36468e-05
8.68177e-05,6.99805e-05,7.02705e-05,6.96889e-05,5.58411e-05,5.92585e-05,4.45733e-05,3.48908e-05,2.56944e-05,4.77512e-05,7.22512e-05,6.11833e-05
0.000118184,4.89734e-05,7.33302e-05,8.21142e-05,7.74908e-05,5.36754e-05,3.27918e-05,3.61522e-05,3.91308e-05,5.01221e-05,6.47107e-05,6.27082e-05
0.000129605,9.30712e-05,0.000101874,0.000120338,0.000107755,7.34753e-05,5.8705e-05,5.98677e-05,3.68124e-05,3.22889e-05,6.52781e-05,7.00124e-05
9.23427e-05,5.30693e-05,7.82778e-05,0.000104296,6.72426e-05,3.92047e-05,6.22521e-05,4.08599e-05,1.61952e-05,3.3332e-05,5.94004e-05,5.48951e-05
7.75604e-05,4.18354e-05,3.71602e-05,6.20081e-05,7.14192e-05,4.31262e-05,3.10222e-05,4.83638e-05,4.77808e-05,3.66269e-05,5.64815e-05,7.52929e-05
9.88732e-05,4.90389e-05,3.9354e-05,2.12689e-05,5.73134e-05,6.34147e-05,3.36726e-05,3.21863e-05,5.69567e-05,6.62908e-05,7.98669e-05,8.29579e-05
8.07945e-05,4.40051e-05,4.35866e-05,5.56164e-05,6.30069e-05,5.95822e-05,3.73055e-05,2.54384e-05,2.96267e-05,5.35365e-05,7.56768e-05,9.1027e-05
5.24126e-05,4.94563e-05,7.36675e-05,6.84256e-05,4.70068e-05,3.40289e-05,4.14228e-05,3.85355e-05,3.33335e-05,5.38725e-05,8.90176e-05,6.28836e-05
7.05873e-05,5.67799e-05,8.42797e-05,7.85118e-05,5.04048e-05,3.75343e-05,3.42617e-05,3.6254e-05,3.81194e-05,4.21043e-05,4.74143e-05,7.45659e-05
6.44695e-05,2.40553e-05,5.96624e-05,8.26718e-05,9.36856e-05,6.72586e-05,3.7334e-05,2.35947e-05,3.33355e-05,4.57975e-05,7.53168e-05,6.31444e-05
8.40569e-05,4.76528e-05,4.77594e-05,6.38593e-05,2.89843e-05,5.37658e-05,4.19883e-05,3.58765e-05,3.40363e-05,3.39624e-05,6.58533e-05,7.15486e-05
9.10275e-05,3.77429e-05,3.13014e-05,4.03126e-05,4.94699e-05,5.19566e-05,6.01103e-05,3.46864e-05,3.83484e-05,4.21384e-05,6.30842e-05,7.19377e-05
7.04799e-05,7.22269e-05,6.04962e-05,4.9843e-05,4.20456e-05,3.47796e-05,4.15734e-05,3.70379e-05,5.81436e-05,5.72717e-05,7.57884e-05,7.01818e-05
0.000110438,7.81805e-05,8.87206e-05,4.8011e-05,4.50848e-05,5.38295e-05,4.92667e-05,4.01234e-05,3.75109e-05,3.78632e-05,5.33265e-05,5.23158e-05
9.98731e-05,0.000112862,0.000127469,8.82834e-05,5.61213e-05,5.29082e-05,5.267e-05,3.1525e-05,4.76943e-05,3.28354e-05,3.7807e-05,5.09331e-05
6.13595e-05,5.62472e-05,6.61129e-05,7.34069e-05,5.63531e-05,7.73839e-05,8.14896e-05,5.0778e-05,5.05866e-05,4.36221e-05,5.1435e-05,4.78992e-05
8.86327e-05,4.19155e-05,5.57825e-05,8.06987e-05,4.85445e-05,6.00283e-05,3.93351e-05,3.0493e-05,3.26264e-05,5.07451e-05,8.6986e-05,8.33735e-05
0.000114796,6.30595e-05,8.90303e-05,8.90709e-05,5.347e-05,6.01173e-05,7.39588e-05,5.34122e-05,5.58666e-05,5.38507e-05,6.84163e-05,8.99774e-05
0.000105133,5.1703e-05,7.44706e-05,7.47251e-05,7.65337e-05,5.9261e-05,4.6577e-05,3.7826e-05,4.3081e-05,4.34751e-05,3.78372e-05,6.15487e-05
7.13227e-05,7.87744e-05,9.54503e-05,5.79127e-05,6.53175e-05,8.42203e-05,6.35921e-05,3.83621e-05,3.63462e-05,4.82447e-05,6.8959e-05,5.90897e-05
8.22471e-05,4.39898e-05,5.21695e-05,4.20983e-05,2.98499e-05,5.43597e-05,4.80337e-05,5.38308e-05,2.78243e-05,3.5152e-05,6.80766e-05,7.58215e-05
0.000107864,7.05991e-05,6.25982e-05,6.1991e-05,5.50169e-05,3.13159e-05,3.03083e-05,6.23148e-05,5.63821e-05,3.76319e-05,5.82326e-05,6.94561e-05
0.000108443,8.1236e-05,5.22194e-05,3.42963e-05,4.5089e-05,3.46287e-05,2.78554e-05,2.93614e-05,5.32986e-05,6.29795e-05,5.28059e-05,6.60306e-05
5.6812e-05,7.06418e-05,4.54488e-05,6.50887e-05,7.30809e-05,5.39967e-05,2.72396e-05,3.48819e-05,3.70148e-05,5.90214e-05,5.63394e-05,3.21598e-05
0.000114861,7.35171e-05,3.67521e-05,6.13947e-05,6.78222e-05,4.12904e-05,3.40772e-05,2.95925e-05,3.41907e-05,3.49281e-05,3.52298e-05,5.45762e-05
6.66241e-05,6.71578e-05,7.32168e-05,5.24931e-05,5.51826e-05,5.21706e-05,4.49097e-05,4.88263e-05,3.51419e-05,2.67288e-05,4.86841e-05,4.82275e-05
4.15933e-05,4.54555e-05,3.92879e-05,3.74466e-05,4.93992e-05,6.27826e-05,6.408e-05,4.80092e-05,4.39744e-05,2.43229e-05,4.27316e-05,2.75588e-05
0.000111252,5.82742e-05,3.78318e-05,6.70585e-05,6.31083e-05,5.52538e-05,5.63069e-05,3.02433e-05,3.78724e-05,4.5529e-05,6.03389e-05,5.72107e-05
0.000133331,6.96472e-05,7.68423e-05,8.75209e-05,7.04494e-05,5.2869e-05,5.93702e-05,6.11864e-05,4.82011e-05,4.23297e-05,4.26806e-05,7.68681e-05
0.000120084,3.46689e-05,5.25351e-05,8.2974e-05,6.99404e-05,4.17073e-05,4.92127e-05,5.09196e-05,2.49841e-05,3.01911e-05,6.20536e-05,8.37107e-05
8.64885e-05,5.90082e-05,6.25955e-05,8.65312e-05,5.26154e-05,5.64211e-05,5.31769e-05,6.7677e-05,4.6026e-05,3.41419e-05,5.3765e-05,4.32527e-05
5.97945e-05,0.000106519,0.0001233,0.000147645,0.000132622,0.000129203,0.000129414,0.000131121,0.000124316,8.17405e-05,5.18762e-05,4.17061e-05
0.000112963,0.000118656,0.00012683,0.000183964,0.000272525,0.000264094,0.000213278,0.000207725,0.000191939,0.000169247,0.000143337,0.000109628
0.000215793,0.000172437,0.000172409,0.000350189,0.000670018,0.000910112,0.000528318,0.000188326,0.000379322,0.000433184,0.000306853,0.00033585
0.000172846,0.000137892,0.000132551,0.000140021,0.000353754,0.000677454,0.000354211,0.000194886,0.000193122,0.000219567,0.000167785,0.000299611
0.000130487,0.000164831,0.000181091,0.000189831,0.000472292,0.000943919,0.00060037,0.000174555,0.00016234,0.000168656,0.000126327,0.00018483
0.000119715,0.000110071,0.000179486,0.000219259,0.000495802,0.00111626,0.000722782,0.000255035,0.000141053,0.000108399,6.86878e-05,0.000124333
0.000208526,0.000159634,0.000188371,0.000208239,0.000557294,0.00128111,0.000712607,0.000191311,9.87317e-05,9.87731e-05,0.000186254,0.000189434
0.000223633,0.000182756,0.000227714,0.000165783,0.000696467,0.00149066,0.000740601,0.00015155,0.00013172,0.000152966,0.000188469,0.000174559
0.000245783,0.00024105,0.000201177,0.000132718,0.000831194,0.00166339,0.000845825,0.000170615,0.000162527,0.000106426,0.000145376,0.000162629
0.000190751,0.000209362,0.000253306,0.00019845,0.000815829,0.0018254,0.000875814,0.000184391,0.000199117,0.000158497,0.000170526,0.000140344
0.000198996,0.000141122,0.000188867,0.000186107,0.000905998,0.00196035,0.0010434,0.000226991,9.63144e-05,0.000174502,0.000224609,0.000189046
0.000281641,0.000194218,0.000178915,0.000236937,0.000917856,0.00201684,0.00109479,0.000297112,0.000193702,0.000133722,0.000220485,0.000267685
0.000172428,0.000216836,0.000192579,0.000233405,0.000932401,0.00207231,0.00109931,0.000236949,0.000179722,0.000199616,0.000194303,0.000191214
0.000196574,0.000163058,0.000197136,0.00027738,0.00101354,0.00212167,0.00115632,0.000213604,9.1919e-05,0.000172841,0.000182703,0.000202129
0.000261122,0.000186038,0.000152272,0.000158137,0.000893803,0.00217064,0.00117017,8.21147e-05,0.000112471,0.000129672,0.000162287,0.000241178
0.000294622,0.000220763,0.000178866,0.000236077,0.00106862,0.00231191,0.00127184,0.000164902,0.000149786,6.1557e-05,0.000162142,0.000263182
0.000192971,0.000158326,0.000124348,0.000227783,0.00121553,0.0024962,0.00128428,0.000254657,0.000204551,0.00011582,0.000138658,0.000198694
0.000259455,0.000180187,0.000234104,0.000233296,0.00105321,0.00240567,0.00129208,0.000226613,0.000154271,0.000146847,0.000143303,0.000218156
0.000420022,0.000238369,0.000272599,0.000241837,0.000996939,0.00219185,0.00113956,0.00020233,0.00012607,0.000136018,0.000197272,0.000209927
0.000490178,0.000194134,0.000260562,0.000262978,0.000825227,0.00206246,0.00118262,0.000264587,0.000179428,0.000179397,0.00017308,0.000281244
0.000468619,0.000173663,0.000184491,0.00014903,0.000849404,0.00202567,0.00113155,0.000311131,0.00023561,0.000224823,0.00014193,0.000258379
0.000455495,0.000185649,0.000143429,0.000179456,0.000806164,0.0018338,0.000940976,0.000279347,0.000162792,0.000165991,0.000186176,0.000186851
0.000456412,0.000127986,0.000160478,0.000192544,0.000893066,0.00188716,0.00100314,0.000188901,0.000141288,0.000234983,0.00026128,0.000239218
0.000352001,0.000192797,0.000256606,0.000208123,0.000709258,0.00170438,0.000919625,0.000189929,0.000122874,0.000113852,0.000134644,0.000219729
0.000352198,0.000232379,0.000217888,0.000165872,0.000660634,0.00159292,0.000976975,0.000301319,0.000141843,0.000132551,0.000181726,0.000171471
0.000452007,0.00028236,0.000277404,0.000277259,0.000580679,0.00141554,0.000871556,0.000225586,0.000169344,0.00017783,0.000157185,0.000214167
0.000530456,0.000350998,0.000340919,0.000379166,0.000633638,0.00128087,0.000694121,0.000194722,0.000183238,0.000162512,0.000123517,0.000170748
0.0004626,0.000207265,0.000251544,0.000267891,0.000552353,0.00118402,0.000706588,0.00024018,0.000214434,0.000198379,0.000128369,0.000109402
0.000440327,0.000355371,0.000243301,0.00020994,0.000588939,0.00112345,0.000634715,0.000178795,0.000154777,0.000274185,0.000171165,9.70286e-05
0.000417076,0.000424323,0.000327502,0.000259756,0.000558608,0.00103241,0.000484287,0.000148315,0.00015132,0.000246626,0.000202756,0.000152624
0.000382878,0.000307007,0.000191868,0.000229435,0.000453753,0.000927801,0.000584327,0.000253461,0.00022127,0.000248402,0.000156208,0.000144108
0.00025935,0.000184165,0.000201047,0.000201913,0.000265629,0.00064693,0.000396997,0.000129066,9.87686e-05,0.000189758,0.000237769,0.000158859
0.000243579,0.000158375,0.000198002,0.000162533,0.000242544,0.000499817,0.000270879,0.000141167,0.000122772,0.000167867,0.000139672,0.000159064
0.000315255,0.000199438,0.000146053,0.00011117,0.000178713,0.000478722,0.000405313,0.000235425,0.000194079,0.000155273,0.000117874,0.000125418
0.00031422,0.000221175,0.000182686,0.000170282,0.000205549,0.000535616,0.000337055,0.000164478,0.000183075,0.000159525,0.000191175,0.00015133
0.000288167,0.000225413,0.00017958,0.000165885,0.000334894,0.00061081,0.000407729,0.000250918,0.000202656,0.000148145,0.00021522,0.000204035
0.000153501,0.000166342,0.000201131,0.000149293,0.000387365,0.000678386,0.000401253,0.000218984,0.000194272,0.000166716,0.000200895,0.000222552
0.000139597,0.000208391,0.000179462,0.000139349,0.000500424,0.0008538,0.000390449,0.000114749,0.000150087,0.000225549,0.000227161,0.000183369
0.000185646,0.000215141,0.00026483,0.000264289,0.00052273,0.00105353,0.00057822,0.000169606,0.000187949,0.000148594,0.000133367,0.000191981
0.000189875,0.00018139,0.000238004,0.000154321,0.000449694,0.00100849,0.000686208,0.000296377,0.0001695,0.000126068,0.00028021,0.000256987
0.000206334,0.000156059,0.000208248,0.000228894,0.000503897,0.00109381,0.000568563,0.000128568,0.000130202,0.000226468,0.000272414,0.000200481
0.000313541,0.000273017,0.000274465,0.000176341,0.000470109,0.00106079,0.000566778,0.000174347,0.000157096,0.00016734,0.000165966,0.000208656
0.000211491,0.000274349,0.000343849,0.000248172,0.000564211,0.00125946,0.000721486,0.000196265,9.65603e-05,0.000191958,0.00025501,0.000190045
0.000313213,0.00018681,0.000298635,0.00023896,0.000636435,0.00121788,0.000558899,0.000183989,0.000126736,0.000138361,0.000198465,0.000201486
0.000245391,0.000249709,0.000289967,0.000206123,0.000616289,0.00135754,0.000720058,0.00024051,0.000137136,0.000132929,0.000195844,0.000177411
0.000368497,0.000394598,0.000329505,0.000101745,0.000711257,0.00143683,0.000611709,0.000233543,0.000166018,0.000144704,0.000196326,0.000281202
0.00212363,0.00272813,0.00304613,0.002632,0.00180647,0.00239617,0.00248345,0.00284653,0.0035014,0.00375032,0.00288838,0.00180083
0.00466414,0.00241601,0.00231483,0.00348016,0.00328599,0.00746929,0.00653279,0.00569783,0.00187534,0.00489207,0.00481671,0.00470519
0.00165179,0.00335414,0.00241035,0.00261493,0.00295008,0.0108957,0.0144074,0.00537079,0.00417452,0.00242034,0.00361785,0.00425375
0.00284348,0.00201471,0.000547633,0.00111433,0.00308719,0.00952249,0.00907308,0.00824689,0.00363061,0.00313745,0.00373061,0.00329448
0.00239889,0.00117596,0.000678783,0.00126567,0.00317747,0.00795466,0.00822125,0.00871457,0.00580535,0.00363167,0.00331079,0.00516088
0.00181826,0.000946596,0.000656426,0.000741897,0.00436913,0.00541952,0.00266299,0.00307255,0.00235169,0.00364206,0.00175774,0.00324996
0.00114499,0.000720243,0.000389821,0.000650182,0.0041618,0.00682591,0.00281761,0.00146361,0.00204576,0.00321931,0.00289345,0.00200001
0.000988122,0.000991129,0.00043944,0.000347415,0.00272386,0.00710993,0.00423108,0.00256135,0.0024962,0.00328391,0.00360868,0.0030214
0.00132848,0.00102661,0.000566276,0.000583641,0.00188716,0.00536502,0.00428484,0.00208322,0.0013706,0.00164011,0.00177038,0.00104561
0.00133588,0.000955754,0.000355349,0.00061055,0.00278724,0.0058547,0.00287959,0.00188756,0.00128836,0.000790555,0.000734827,0.000844908
0.00104577,0.00149265,0.000849178,0.000442172,0.00207433,0.00670372,0.00790643,0.00325425,0.000892249,0.00112486,0.00116848,0.00100195
0.000646168,0.00113401,0.000982922,0.00080409,0.00132466,0.00487602,0.00581387,0.00281363,0.00194124,0.00194549,0.0015916,0.00139711
0.000713784,0.000756687,0.000703725,0.00046369,0.000955859,0.00154329,0.00199087,0.0021319,0.00114664,0.000802737,0.000694671,0.000428388
0.000744238,0.000611534,0.000811581,0.00100689,0.00107715,0.00291256,0.00268972,0.00129134,0.000766735,0.00102275,0.00094439,0.000938819
0.00637651,0.00486255,0.00249379,0.00251818,0.00184277,0.00464436,0.00632247,0.00477351,0.00278398,0.00239815,0.00321877,0.00437555
0.00188259,0.00120731,0.00156666,0.00243093,0.00245646,0.00249647,0.00295278,0.00753451,0.0153295,0.00939491,0.00211986,0.00305207
0.00102761,0.000815269,0.00171726,0.00249877,0.0017645,0.00184146,0.00257396,0.00971451,0.0161097,0.0075896,0.00191083,0.00163066
0.00164274,0.000527205,0.00144144,0.000540976,0.00125423,0.000860308,0.00375174,0.00980344,0.0100026,0.0047028,0.0020602,0.0029815
0.00242966,0.000713489,0.0017972,0.00138574,0.000744048,0.00107045,0.0051035,0.0103973,0.00499579,0.00172913,0.00186189,0.00413086
0.00153371,0.000442457,0.000550624,0.00056791,0.000795053,0.00117269,0.00370911,0.0107981,0.00607945,0.0013962,0.00115083,0.00231946
0.00080531,0.000770256,0.0010319,0.000562583,0.000454804,0.00222808,0.00671991,0.00415876,0.00242966,0.00188932,0.00132351,0.000923175
0.00135664,0.000711422,0.000965557,0.0007649,0.000709598,0.00151019,0.00790482,0.00787691,0.00496808,0.0014651,0.00141,0.00229094
0.000556742,0.000706444,0.000853688,0.00108319,0.000908477,0.00196174,0.00548969,0.00651913,0.00226477,0.00295748,0.00175365,0.0012344
0.000811283,0.000528098,0.000686926,0.000572262,0.000460334,0.00081209,0.00191752,0.00409042,0.00366335,0.00195869,0.00105889,0.00117542
0.000577336,0.000454605,0.000678995,0.000477555,0.000517912,0.00102266,0.00153182,0.00245793,0.00202119,0.00107006,0.000426624,0.000693791
0.000396254,0.000328463,0.000385403,0.000447067,0.000688229,0.00102377,0.00124843,0.00178718,0.00102138,0.000512978,0.000655124,0.000667385
0.000854146,0.000999705,0.00134723,0.000979952,0.000713504,0.000939338,0.00129532,0.00219316,0.00105881,0.000750255,0.000527379,0.000925783
0.001679,0.00109982,0.00261708,0.00445603,0.00381758,0.00201982,0.000825953,0.00175703,0.00147292,0.00249454,0.0034041,0.00303177
0.00232904,0.00146799,0.00104199,0.00159356,0.00444207,0.00771139,0.00414734,0.000831184,0.00181673,0.0023306,0.00219005,0.00118884
0.00258148,0.000819152,0.000764195,0.00105504,0.0026044,0.00289359,0.00130338,0.00136402,0.00216948,0.00162778,0.00173177,0.00373476
0.00257653,0.00065932,0.000790597,0.00168714,0.00393867,0.0033724,0.00097801,0.0010617,0.00120729,0.00044508,0.00113952,0.00389653
0.00132469,0.0012983,0.000624506,0.0014185,0.00365424,0.00643052,0.00441774,0.00159512,0.00148076,0.0024401,0.00193633,0.000852735
0.00184199,0.00144454,0.00048208,0.000925636,0.00278308,0.00897481,0.00870276,0.00216946,0.0011939,0.00234564,0.00217258,0.00107719
0.00207346,0.00076674,0.000684802,0.0010094,0.00429861,0.00530872,0.00143571,0.00150628,0.0020495,0.00152355,0.00114176,0.00235506
0.00193192,0.000899333,0.000640926,0.00112237,0.00468731,0.0064223,0.00338229,0.00137953,0.0018743,0.00176336,0.00122715,0.00227508
0.00174414,0.00140088,0.000738924,0.000515574,0.00148595,0.00667257,0.00655298,0.00197323,0.0015938,0.00272448,0.00203211,0.00119073
0.00115552,0.00109952,0.000863477,0.0010544,0.00224709,0.00763679,0.00765042,0.00210234,0.000930666,0.00233826,0.00217792,0.000870614
0.00112975,0.000619081,0.000373415,0.000710873,0.00211704,0.00186069,0.0012439,0.000758132,0.000550944,0.000945664,0.00109634,0.000868332
0.00129919,0.00107141,0.000333762,0.000624831,0.00166999,0.00409889,0.00388251,0.00171036,0.000964647,0.00141433,0.0010496,0.000772637
0.000887763,0.000852369,0.000674911,0.000696712,0.00135837,0.00142975,0.00447294,0.00575284,0.00210707,0.0012457,0.00178956,0.00138063
0.00173225,0.000843197,0.00146807,0.0014487,0.00196555,0.0028022,0.00445426,0.00966229,0.00656937,0.00159237,0.00100783,0.00256559
0.000921863,0.000551789,0.00100307,0.000702113,0.00101457,0.00163136,0.00288372,0.00965169,0.00605545,0.00132321,0.00157514,0.00208111
0.000745238,0.000763238,0.00138989,0.000850359,0.000839517,0.00163809,0.00348531,0.00484752,0.00199771,0.000401807,0.00138545,0.00168304
0.00147985,0.000590163,0.00113051,0.000954756,0.000811656,0.00163794,0.00592861,0.0113587,0.00638965,0.0013179,0.00115307,0.00235477
0.00081702,0.000510545,0.00125084,0.00112234,0.000530917,0.0013408,0.00194856,0.0060549,0.00719447,0.00188964,0.000688783,0.0011757
0.00216863,0.0020584,0.00104973,0.000524185,0.000958003,0.00276628,0.00685817,0.00468414,0.00445966,0.00188717,0.00111525,0.00209365
0.000521356,0.000656168,0.000829255,0.000969525,0.000932895,0.00161523,0.00262146,0.00263452,0.00175218,0.000933604,0.000954887,0.000760971
0.000803585,0.0011348,0.000758619,0.000686275,0.00150837,0.0015321,0.00236504,0.00343929,0.00426668,0.00871042,0.00683255,0.00263995
0.000774913,0.00128415,0.00121101,0.00102712,0.00180166,0.00225404,0.0023074,0.00190035,0.00312577,0.0133742,0.0149473,0.00404886
0.00106183,0.00122741,0.000865531,0.000747266,0.00107978,0.00220983,0.0015762,0.00332441,0.00508435,0.00402089,0.00327755,0.00182206
0.0011317,0.00131551,0.00164475,0.00131748,0.00120162,0.00170756,0.0014143,0.00233893,0.00288493,0.00184689,0.0024341,0.00133001
0.00719105,0.00309313,0.00307137,0.00567231,0.00986277,0.00884787,0.00632377,0.00507691,0.00675961,0.00878699,0.00692603,0.0102706
0.00455556,0.00745992,0.00279936,0.00317986,0.0103374,0.0146854,0.00684817,0.00494497,0.00842178,0.00846545,0.00255562,0.00588795
0.00863812,0.00298833,0.00202892,0.00424131,0.00851644,0.00873315,0.0102613,0.00810547,0.00328704,0.00518159,0.00510551,0.0106745
0.00511305,0.00164834,0.00115112,0.00343324,0.00494085,0.00452438,0.00694649,0.00454776,0.00377052,0.00444595,0.00660829,0.013804
0.0061377,0.00556095,0.00141164,0.00201262,0.006297,0.00765041,0.0036163,0.00645849,0.00840796,0.0081921,0.00582025,0.00554565
0.0075452,0.00756473,0.00197581,0.00156051,0.00506926,0.00550782,0.00414411,0.0067888,0.00694859,0.00439692,0.0074188,0.00592744
0.00732816,0.00197122,0.000482506,0.00150277,0.00266188,0.00408303,0.00374743,0.00524769,0.00439598,0.00451068,0.00370871,0.00874254
0.0055929,0.00248203,0.000576892,0.000745263,0.00214579,0.0039351,0.00235268,0.00186972,0.00140412,0.00177759,0.0028836,0.00457177
0.00592931,0.00573419,0.00126547,0.000789707,0.00211556,0.00322212,0.00300101,0.00324746,0.00129758,0.0010967,0.00171523,0.003214
0.00480239,0.0029772,0.00117747,0.000651011,0.00319972,0.00381471,0.00196872,0.00184599,0.00164369,0.00220775,0.00439124,0.00720496
0.00269947,0.00180099,0.00115609,0.00156015,0.00302119,0.00477056,0.00250592,0.00177158,0.00119781,0.00234197,0.00214917,0.00189827
0.00329194,0.00238161,0.000902516,0.000794864,0.00148649,0.0026193,0.00205812,0.00165152,0.00101246,0.000874764,0.00133648,0.00262909
0.00327141,0.00238767,0.00305256,0.00349848,0.00286297,0.0040105,0.00379617,0.00561524,0.00783392,0.00697207,0.00304393,0.00411828
0.00199647,0.00118093,0.00113184,0.00264483,0.00386383,0.00458937,0.00483125,0.00758115,0.00420277,0.0161391,0.0185702,0.00800513
0.00202124,0.00152027,0.00262739,0.00225253,0.00222716,0.00354687,0.00526232,0.0122216,0.0074279,0.00589546,0.00866703,0.0071094
0.00209477,0.00161719,0.00124827,0.00171128,0.00184812,0.00427681,0.0115292,0.00805979,0.00305995,0.00673951,0.0165939,0.00901636
0.00117286,0.000656245,0.000839249,0.000790594,0.00272856,0.00516333,0.00714019,0.0105193,0.00692617,0.0151042,0.0246418,0.0100666
0.00332061,0.000939432,0.00124435,0.0021317,0.00150812,0.00217279,0.00553347,0.00237506,0.00710203,0.00754049,0.00465332,0.0091271
0.00501158,0.00162561,0.00106722,0.000836544,0.000842806,0.00282965,0.0113766,0.0128619,0.00874988,0.00139882,0.00824966,0.0109141
0.00118072,0.00111097,0.00151681,0.000994542,0.00140839,0.00409572,0.0106423,0.0070465,0.00386723,0.0100737,0.0170417,0.00843613
0.00298763,0.00106152,0.00094497,0.000806165,0.00120138,0.00266364,0.0091364,0.00933621,0.00421177,0.00554467,0.0155507,0.0123094
0.00245793,0.000673724,0.000654088,0.000910334,0.00119893,0.0032997,0.00536217,0.00415108,0.00250361,0.00433002,0.00754752,0.00638492
0.000861058,0.000634544,0.000448492,0.000532671,0.00129208,0.00301071,0.00294764,0.00153703,0.00212307,0.00113171,0.00190677,0.00244758
0.000868738,0.00062889,0.000614196,0.000551364,0.00102074,0.00279845,0.00364947,0.00172132,0.00156018,0.0019487,0.0024823,0.00147979
0.0011417,0.00122559,0.00120781,0.00162544,0.00175239,0.00246382,0.00296804,0.00271169,0.00274254,0.00198112,0.00193994,0.0019832
0.00845778,0.00304843,0.00228682,0.00537857,0.00888286,0.00604122,0.00387925,0.00409093,0.00336738,0.00295297,0.00506162,0.00861028
0.00540116,0.00678482,0.0020578,0.00243583,0.00694224,0.0112886,0.00435954,0.00574581,0.00611371,0.00448309,0.00351373,0.00368449
0.00977505,0.00369031,0.00111551,0.00417579,0.00948485,0.0078558,0.00476045,0.0048893,0.00470227,0.00259612,0.00284819,0.00621045
0.0109139,0.00267735,0.000858151,0.0022582,0.00686592,0.00529964,0.0059263,0.00512607,0.00490698,0.0023233,0.00433944,0.0133648
0.0042825,0.00473986,0.0013132,0.00202819,0.00672043,0.00818774,0.00377798,0.00267972,0.00327684,0.00152586,0.00263642,0.00303557
0.00666482,0.00866977,0.00315893,0.00122381,0.0020836,0.00400742,0.00494014,0.00284527,0.00530866,0.0017776,0.00235546,0.00172397
0.00929364,0.00198303,0.00110068,0.00253895,0.0094971,0.0121819,0.00886477,0.00816393,0.00603877,0.0025521,0.00257701,0.00914693
0.0108237,0.00318593,0.000826756,0.00219887,0.00747179,0.00913789,0.00562421,0.00507255,0.00189858,0.0018995,0.00271302,0.010227
0.0089205,0.00774793,0.00214209,0.00133246,0.00378252,0.00572911,0.00524798,0.00627758,0.00359829,0.000861443,0.00161621,0.00468412
0.00912891,0.00929406,0.00257689,0.0011747,0.0038647,0.00706764,0.00392171,0.00606701,0.00580434,0.0026561,0.00148437,0.00266096
0.00397843,0.00113703,0.000408568,0.00115214,0.00431996,0.00588678,0.00689506,0.00675545,0.00302934,0.00197571,0.00617394,0.0102046
0.00849725,0.0019455,0.00073872,0.00104724,0.00421697,0.00598955,0.00728629,0.00502943,0.00192375,0.00127077,0.00430864,0.010537
0.00778542,0.0064802,0.00138819,0.000764285,0.00347301,0.0051737,0.0060615,0.007577,0.00392704,0.000667346,0.0021208,0.00353566
0.00709894,0.00251559,0.00188783,0.00177997,0.0020805,0.00291685,0.00889629,0.0146433,0.0103053,0.00172272,0.00445105,0.00842015
0.00149032,0.00129679,0.0019153,0.00116371,0.00155152,0.0026529,0.0128543,0.0235344,0.0109294,0.00429979,0.00452982,0.00337366
0.00285938,0.00345291,0.0012096,0.00122073,0.0016821,0.00415897,0.0137518,0.00960525,0.00405093,0.00252265,0.00324314,0.00351026
0.00221372,0.00095863,0.0014833,0.00157772,0.00128613,0.00335372,0.0153453,0.0231765,0.0104364,0.00267333,0.00254065,0.0029786
0.00166948,0.000576239,0.000839665,0.00148199,0.00146652,0.00220603,0.00501264,0.00814443,0.0087062,0.00257331,0.00132071,0.000950256
0.00211596,0.00176524,0.00225375,0.00101515,0.00138363,0.00259017,0.00610486,0.013816,0.00921342,0.00205718,0.00187758,0.00222062
0.0018905,0.00202731,0.00142714,0.000932606,0.00113624,0.00253024,0.00904245,0.00900544,0.00593376,0.00260363,0.00263423,0.00257298
0.00135235,0.000690925,0.000989585,0.00167676,0.000908945,0.00190882,0.00713327,0.0124759,0.0113455,0.00339442,0.00181726,0.00177916
0.00151975,0.000947592,0.000936722,0.00118708,0.00173912,0.00185827,0.00321623,0.00269592,0.00916124,0.0138606,0.0057179,0.00158957
0.00134342,0.00110242,0.000919839,0.000924581,0.00084409,0.00131311,0.00196285,0.0031076,0.00732193,0.00985391,0.00486976,0.00149135
0.00111621,0.000626641,0.000538678,0.000513435,0.000801124,0.00150475,0.00280453,0.00449443,0.00347081,0.00374911,0.00132326,0.00128704
0.00182792,0.00180219,0.00125587,0.000793477,0.000738252,0.00136391,0.001754,0.00173263,0.00348833,0.00380248,0.00221021,0.00158541
0.00817187,0.00874848,0.00338282,0.00434551,0.00499531,0.00609689,0.00350969,0.00256779,0.00431394,0.00387665,0.00648531,0.00526765
0.00958676,0.00774093,0.00200723,0.00185273,0.00658698,0.00904177,0.00611753,0.00834,0.00803655,0.0020224,0.0041628,0.00443502
0.0101876,0.00407882,0.00199792,0.000901268,0.00366953,0.00622901,0.010845,0.00766156,0.00487964,0.00454976,0.00617942,0.013274
0.01154,0.00503096,0.00170338,0.00310413,0.00386556,0.00365318,0.00389007,0.0154501,0.012846,0.00598046,0.006809,0.0143518
0.00673519,0.00614923,0.00330238,0.00254128,0.00520758,0.00514116,0.00503826,0.0110091,0.0163792,0.0075879,0.00275157,0.00830449
0.00766599,0.00475402,0.00153033,0.000477333,0.0025581,0.00860505,0.00910627,0.00453615,0.00188817,0.00284348,0.00360007,0.00715392
0.00536059,0.00344961,0.0014491,0.000772741,0.00321693,0.00597147,0.0050217,0.0048469,0.00397329,0.00796319,0.00834368,0.0051164
0.00381663,0.00272277,0.000970753,0.00126849,0.00199244,0.00348564,0.00287927,0.00299578,0.00426519,0.00276687,0.00372729,0.00570944
0.00140025,0.0030576,0.00216733,0.00147441,0.00485976,0.00648812,0.00348502,0.00199103,0.0016435,0.00204823,0.00126952,0.00314826
0.00453252,0.00212878,0.000893182,0.00114458,0.00452241,0.0105278,0.00834235,0.00380768,0.00305549,0.0027604,0.00257149,0.00423111
0.00536786,0.00303006,0.00160825,0.00121882,0.00247009,0.00549958,0.00249647,0.00166517,0.001422,0.00135431,0.00313431,0.0060026
0.00261065,0.00103986,0.000510446,0.00123243,0.00300816,0.00339823,0.00255342,0.00310358,0.00240552,0.00202569,0.00149733,0.00246277
0.00629531,0.00415696,0.00234293,0.0023824,0.00274662,0.00477882,0.00565839,0.0041662,0.00268247,0.00223744,0.00154293,0.00382959
0.00238918,0.00155084,0.00167294,0.00242274,0.00254897,0.0034272,0.00505423,0.0119323,0.015384,0.00922198,0.00979389,0.00574994
0.00458573,0.00192161,0.00305009,0.00310994,0.00315294,0.00215712,0.00499858,0.00992308,0.0117305,0.00358938,0.00721097,0.00800717
0.00169789,0.00161033,0.00143883,0.00107984,0.0042056,0.00697615,0.00750354,0.00939619,0.00642928,0.00346729,0.00829851,0.00682029
0.00139987,0.00182387,0.00193884,0.00141021,0.00278742,0.00309446,0.00517063,0.00693502,0.00712197,0.0123596,0.00838774,0.00432788
0.00166137,0.00153577,0.000672343,0.00139811,0.00166743,0.00303205,0.00482498,0.00672973,0.013667,0.0143017,0.0094504,0.00495449
0.00211105,0.00132854,0.000948724,0.00166497,0.00209309,0.00447062,0.00368091,0.0105705,0.0159483,0.00742586,0.00840677,0.0051899
0.00221331,0.000803059,0.00113822,0.00103039,0.00253124,0.00278549,0.00434062,0.00851855,0.00623127,0.00575589,0.00754958,0.00694064
0.00247155,0.000678029,0.000991489,0.00133215,0.00158672,0.00256106,0.00621594,0.0137985,0.0126898,0.0079867,0.00660517,0.00494948
0.00201876,0.00136513,0.00140433,0.000649203,0.00233035,0.0026644,0.00345956,0.004252,0.00472492,0.00392352,0.00552497,0.00469191
0.00157358,0.00081751,0.000559219,0.000650927,0.00147606,0.00181017,0.00225059,0.00347492,0.00369257,0.00278594,0.00225038,0.00215331
0.00120614,0.00091616,0.000917567,0.000488208,0.000628961,0.00162118,0.00187515,0.00227252,0.00306669,0.00188508,0.00205957,0.00238541
0.00110229,0.000770783,0.000740487,0.000737175,0.00114572,0.00156105,0.00126639,0.0034941,0.00366691,0.00202286,0.00264229,0.00155456
0.00713221,0.00305873,0.00181801,0.00316707,0.00345208,0.00526274,0.00492214,0.00322893,0.00303124,0.00591146,0.00774654,0.010447
0.00560974,0.00299027,0.00124442,0.000966602,0.00139322,0.00852031,0.0100232,0.00937672,0.00891107,0.00404323,0.00556914,0.00617714
0.00574032,0.00269476,0.00118139,0.000863654,0.00285256,0.00951542,0.0102879,0.00621092,0.00368423,0.00432119,0.00486422,0.00633968
0.0100216,0.00303184,0.00109739,0.0015291,0.00393324,0.006022,0.00574849,0.00379268,0.00356712,0.00344618,0.00571304,0.0120327
0.0126747,0.00674035,0.00123668,0.000859432,0.00227638,0.00712591,0.00450331,0.00333721,0.00361959,0.00418465,0.00450934,0.00828154
0.00730715,0.0055037,0.0013871,0.000560469,0.00148547,0.00742056,0.00964928,0.00538936,0.00295789,0.00205365,0.00328934,0.00411272
0.00838684,0.00166231,0.00089007,0.000794475,0.00339215,0.0077316,0.00538256,0.00273302,0.000923879,0.00384489,0.0052905,0.0103053
0.00783304,0.00273796,0.000677723,0.000366939,0.00296517,0.00454642,0.00343984,0.00327442,0.00201219,0.00212399,0.00336089,0.0105185
0.00680387,0.00657459,0.00252415,0.000819797,0.00188471,0.00543843,0.00445743,0.00491013,0.00549354,0.00308257,0.00228517,0.00538679
0.00999304,0.00469353,0.00100871,0.000426369,0.001308,0.00687012,0.0099244,0.00546373,0.00247089,0.00274254,0.00307542,0.00625481
0.00749021,0.00271941,0.000856007,0.000882301,0.00110821,0.00464537,0.00772647,0.00352246,0.00164186,0.00334956,0.00443142,0.00858635
0.0126048,0.00551234,0.000828647,0.000859416,0.00173043,0.00236689,0.00193565,0.00328105,0.00228974,0.00207944,0.00394533,0.0111966
0.00554622,0.00787661,0.00339116,0.000577903,0.00225759,0.00301366,0.00220999,0.00217826,0.00420617,0.00183232,0.00171143,0.0045639
0.00797094,0.00507505,0.00178626,0.000675609,0.00204743,0.00270921,0.00551392,0.00729165,0.00508072,0.00232809,0.00234456,0.00520716
0.00913552,0.00350301,0.00220503,0.00233602,0.00219376,0.00283509,0.00492553,0.0115393,0.0112797,0.00397215,0.00144841,0.00733502
0.0124566,0.00641012,0.00233267,0.00149199,0.000923421,0.00160257,0.00524109,0.00987444,0.00566192,0.00163233,0.00339582,0.0109079
0.00218829,0.0018628,0.00170497,0.00112962,0.000880891,0.00336776,0.0102985,0.00917028,0.00275909,0.00216816,0.00511895,0.00561482
0.00352296,0.00389673,0.00339012,0.00140071,0.000809849,0.00210246,0.00420271,0.00457892,0.00465018,0.00278534,0.00246505,0.00362837
0.00357089,0.00209787,0.00124297,0.00106778,0.000842341,0.00216602,0.00352825,0.010755,0.00786089,0.00166669,0.00145907,0.00321854
0.00243468,0.00309614,0.00236637,0.00139945,0.00131218,0.00352408,0.00624049,0.00697056,0.00522078,0.00169846,0.00303735,0.00494175
0.00341753,0.00207996,0.00143835,0.00181534,0.0023818,0.00353156,0.00421324,0.00469017,0.00125127,0.00181664,0.00154648,0.00346518
0.00243878,0.00134109,0.0011593,0.00105669,0.001332,0.00261776,0.00358488,0.00413025,0.00352209,0.00190903,0.00123422,0.00250701
0.00214812,0.00153955,0.000948994,0.000615548,0.00227047,0.00367415,0.00244131,0.00292182,0.00281006,0.0155378,0.0195123,0.00691929
0.00120577,0.00125375,0.000684807,0.0010068,0.001098,0.00211028,0.00314076,0.00418181,0.00477539,0.00547572,0.00879362,0.00382429
0.00162045,0.00105803,0.000587564,0.000383551,0.000889198,0.00183736,0.00172033,0.00241847,0.00194575,0.00422871,0.00453008,0.00198095
0.00179265,0.00225306,0.00292941,0.00273402,0.00244977,0.00195197,0.00086642,0.0012743,0.00149592,0.00200923,0.00236363,0.00218947
0.00547215,0.00431851,0.00356582,0.00479275,0.00615728,0.00815604,0.00488793,0.00474022,0.00529781,0.00468377,0.00541458,0.0075247
0.00550662,0.00709017,0.00277536,0.00362562,0.00534737,0.0159367,0.0177434,0.0118593,0.00379963,0.00320777,0.00465515,0.00596925
0.0102269,0.00629017,0.00256929,0.00319635,0.00995359,0.0136467,0.00780309,0.00368398,0.00455479,0.00392764,0.0024288,0.00508675
0.00813125,0.00461658,0.00125302,0.00231989,0.0126039,0.0263275,0.0177781,0.00662771,0.0040017,0.00333848,0.00246888,0.00883547
0.00595924,0.00576289,0.00215489,0.00251769,0.0114477,0.0275408,0.0191555,0.00937265,0.0066793,0.00400271,0.00291915,0.00460449
0.0109,0.0128673,0.00415422,0.0018703,0.00860552,0.0287941,0.0257339,0.00885442,0.00442739,0.00519652,0.00525281,0.00555932
0.0110315,0.00653711,0.00255285,0.00307903,0.0149047,0.0224276,0.00957349,0.00503035,0.00474942,0.00397874,0.00223985,0.00720089
0.0122761,0.00580606,0.00193566,0.00170472,0.0131001,0.032686,0.0204851,0.00506832,0.00327947,0.00319793,0.00183324,0.00739986
0.00910055,0.00999615,0.0031704,0.00206588,0.0110831,0.0205681,0.017048,0.00750132,0.00253514,0.00209,0.00124723,0.00397574
0.00581036,0.00286593,0.00152199,0.0030186,0.00843215,0.0169267,0.0130791,0.00461657,0.00270462,0.00273101,0.00130654,0.00345724
0.00335714,0.00172089,0.000754739,0.0127837,0.0364041,0.0262799,0.00858936,0.00296695,0.0032129,0.00293312,0.00260728,0.00354262
0.00257029,0.00186612,0.000840858,0.00541317,0.0308549,0.0255304,0.00552702,0.000827385,0.00126605,0.00208834,0.00181397,0.00168975
0.00270807,0.00430312,0.00820341,0.0128352,0.0139871,0.0100197,0.00896367,0.00322082,0.00177516,0.00226616,0.00153288,0.00200269
0.00328459,0.00772729,0.00690212,0.00461753,0.00849505,0.0109031,0.00476822,0.00313338,0.0045445,0.0101833,0.0117902,0.00605314
0.00286444,0.0078434,0.0117864,0.00491961,0.00995651,0.00834443,0.00997321,0.0106745,0.00718933,0.00931288,0.00789307,0.00594814
0.00345686,0.00776469,0.0143409,0.007118,0.00530436,0.00685401,0.0138273,0.0215935,0.0133022,0.0119416,0.0118196,0.00886531
0.0034293,0.00824542,0.0102202,0.00461921,0.00889291,0.0130067,0.0146772,0.0274565,0.020662,0.0201304,0.0162266,0.0105134
0.00326855,0.0055645,0.00931966,0.00376745,0.00407253,0.00784709,0.0151272,0.0321824,0.0223447,0.0149448,0.0154772,0.0101872
0.00241501,0.00393938,0.00918809,0.00589655,0.00583426,0.00355868,0.0131086,0.0327637,0.020091,0.00938218,0.00816788,0.00615587
0.00233734,0.00804176,0.0119305,0.00516157,0.00404872,0.00805733,0.018554,0.0325622,0.0176292,0.00645581,0.0072656,0.0042011
0.00216312,0.00252573,0.00563249,0.00400533,0.00277051,0.00709228,0.0146599,0.0279577,0.0153949,0.00490664,0.00623616,0.00495452
0.000962773,0.00185368,0.00345976,0.00778429,0.0103714,0.00616218,0.0102828,0.025937,0.0148827,0.00246796,0.00268834,0.00247368
0.000860735,0.00186103,0.00363014,0.00912903,0.0143715,0.00760587,0.00603512,0.0162408,0.0128759,0.0028938,0.00289492,0.00385763
0.000801241,0.00283154,0.00586963,0.0048282,0.00484597,0.00435414,0.00385173,0.00760663,0.0057061,0.00135619,0.00153655,0.00153612
0.000584481,0.00221815,0.00474347,0.00257924,0.00362802,0.00540976,0.00398777,0.00513175,0.00380089,0.00135773,0.00181844,0.0011398
0.00190976,0.00340854,0.00626499,0.00517563,0.00888535,0.0107283,0.00653275,0.00484233,0.00387517,0.00199843,0.00182635,0.00270706
0.00522547,0.00244605,0.00263238,0.00386492,0.00656653,0.014813,0.0137136,0.00592554,0.00241076,0.00458394,0.00735407,0.00920285
0.00584303,0.00370704,0.00229189,0.00135538,0.0096935,0.0233383,0.015947,0.0049518,0.00352176,0.00363883,0.00329659,0.0050212
0.00580364,0.00219644,0.00226759,0.00268477,0.0148246,0.0249258,0.0109348,0.00361771,0.00264952,0.00275606,0.00329858,0.00662763
0.00464774,0.00155182,0.0010184,0.00205612,0.014295,0.0285616,0.0153651,0.00390693,0.00232802,0.00286473,0.00212067,0.00543129
0.00721991,0.00712977,0.00213671,0.000789898,0.0114075,0.0257938,0.0171161,0.00411699,0.00200146,0.00253867,0.00122595,0.00355991
0.00409923,0.00373089,0.00136799,0.0016251,0.0161984,0.0347078,0.0189064,0.00228191,0.00147264,0.00152683,0.000797879,0.00179257
0.00576768,0.00312485,0.00183321,0.00226583,0.00704718,0.0176603,0.0087232,0.00108857,0.000730946,0.00114406,0.00103891,0.00313489
0.00270716,0.00228068,0.00198637,0.00247381,0.0071228,0.0182539,0.012983,0.0040655,0.00249924,0.00172138,0.00137641,0.00194273
0.0036496,0.00262475,0.00156916,0.00167241,0.00844773,0.0263723,0.0181075,0.00527814,0.00193404,0.00122707,0.00134779,0.00155148
0.0051801,0.0042557,0.00145967,0.00210099,0.0152311,0.0256975,0.0112112,0.00270105,0.0026536,0.00165718,0.00134757,0.00375106
0.00504101,0.0037209,0.00100033,0.00079947,0.00717064,0.0170475,0.0118213,0.00221337,0.0026087,0.00295459,0.00201251,0.00214239
0.00385269,0.00184239,0.00116989,0.00342488,0.00863362,0.00939673,0.00461834,0.00238642,0.0016595,0.00168519,0.0025774,0.00469987
0.00343393,0.00348932,0.00248975,0.00863659,0.0126967,0.00571776,0.00587046,0.0103535,0.00714042,0.00175412,0.00252815,0.00330973
0.00201443,0.00150671,0.0032079,0.00439841,0.0130811,0.0131532,0.0108564,0.0152954,0.0123212,0.00648679,0.00337362,0.00385172
0.00291752,0.00465533,0.00862498,0.00824621,0.0118322,0.0121064,0.0170052,0.0277303,0.0156691,0.00353908,0.00367249,0.00372305
0.00374778,0.00889151,0.00770085,0.0033525,0.00610446,0.0107817,0.0165728,0.0313865,0.0221122,0.00490102,0.00220242,0.00418759
0.00201553,0.00193269,0.00479297,0.00738829,0.00577792,0.00611767,0.0143856,0.0394027,0.0260552,0.00679441,0.00329262,0.00416747
0.00440761,0.00594218,0.00744561,0.00417161,0.00319814,0.00578535,0.018284,0.0407335,0.0257025,0.0077544,0.00421725,0.00356188
0.00372327,0.00288216,0.00430559,0.00470251,0.00442254,0.00415365,0.0137239,0.0312892,0.0181532,0.00373084,0.00655426,0.00910958
0.00560098,0.00876771,0.00630152,0.00301341,0.00283981,0.00413351,0.0121782,0.030195,0.0230492,0.00627139,0.00270926,0.00566486
0.00603082,0.0076239,0.00458778,0.00200951,0.00217599,0.00339815,0.00368263,0.0083285,0.0121459,0.00803202,0.00588186,0.00603627
0.00290885,0.00196866,0.00141215,0.00384166,0.00800602,0.00725994,0.00383089,0.00454919,0.00655846,0.0153471,0.0140859,0.00739572
0.00199976,0.00310362,0.0019053,0.00505064,0.0087542,0.00459545,0.00301545,0.00431189,0.0156804,0.0310881,0.0137018,0.00280548
0.002431,0.0037249,0.00364071,0.00534738,0.00866627,0.00464933,0.00397183,0.00455728,0.0115955,0.0196738,0.00908938,0.00377747
0.00748299,0.00941671,0.00537759,0.00702935,0.0073949,0.00521747,0.00404898,0.00806338,0.0175312,0.0120511,0.00384191,0.00379328
0.0127915,0.00754622,0.00386274,0.0029563,0.00728465,0.0157288,0.0121863,0.00989417,0.00875408,0.0174094,0.0100854,0.00922052
0.0167708,0.00871081,0.00220827,0.0017442,0.00617569,0.014818,0.00902312,0.00582304,0.00629216,0.0142963,0.00878958,0.0124612
0.0117537,0.00731134,0.00263995,0.0029485,0.00749645,0.0157763,0.00883563,0.00539025,0.0120578,0.0157509,0.00795699,0.00805714
0.0180064,0.00931328,0.00124169,0.00317826,0.00862382,0.0147099,0.00793616,0.00644388,0.0153144,0.0206002,0.0110456,0.0114383
0.0223704,0.00977751,0.00110678,0.00183283,0.00339235,0.00717962,0.00367459,0.00311411,0.00566368,0.0169194,0.0130493,0.0126725
0.0172253,0.0092159,0.00104044,0.00272595,0.00574823,0.00888907,0.00539751,0.00292344,0.00700283,0.0105026,0.00693741,0.00884998
0.0132739,0.00596376,0.0011344,0.00205378,0.00432547,0.00915715,0.00549092,0.00498889,0.0111036,0.0081359,0.00543157,0.00770457
0.0130782,0.00686578,0.00223399,0.0023346,0.00678458,0.0161572,0.00864077,0.00201099,0.00289066,0.00590434,0.0109386,0.0117903
0.00744958,0.00374512,0.000997001,0.00437638,0.00480614,0.00502312,0.00347484,0.00549707,0.0192766,0.0233158,0.00674996,0.00558471
0.00645279,0.00355761,0.00120536,0.00170076,0.00594859,0.0104184,0.00536379,0.00338161,0.00963924,0.00659042,0.00605902,0.00511583
0.00358479,0.00278018,0.00126832,0.0016563,0.0034272,0.0107789,0.00739612,0.0026933,0.00416326,0.00427996,0.0026195,0.00190734
0.00370184,0.00196646,0.00112009,0.00138413,0.0030765,0.00666231,0.00468472,0.00281696,0.00696893,0.011194,0.00775415,0.00601509
0.00388271,0.00581479,0.00926577,0.00601883,0.00747516,0.0117811,0.00595355,0.0111972,0.0116822,0.0121778,0.0178038,0.0106222
0.0046213,0.00477201,0.00786056,0.00314562,0.00301337,0.0040983,0.00537801,0.0118104,0.00865223,0.00659058,0.0197114,0.0157822
0.00302242,0.00337131,0.0077689,0.00441736,0.00485879,0.00867206,0.00747759,0.00480404,0.00161314,0.00455798,0.0120605,0.00943735
0.00238668,0.00296892,0.00646266,0.00374147,0.0034696,0.0102844,0.0154223,0.0119046,0.00392701,0.0067418,0.0196792,0.0138581
0.00233654,0.00136878,0.00320189,0.00200094,0.00249925,0.00725676,0.00910637,0.00682148,0.00384349,0.00683827,0.0167308,0.00998205
0.0019562,0.00217286,0.00428448,0.00275044,0.00332862,0.00920186,0.011102,0.0128399,0.00869835,0.0133279,0.0191256,0.00934954
0.00154303,0.00178607,0.00364386,0.00243784,0.0026683,0.00662897,0.00731342,0.00790844,0.00334718,0.00639409,0.0117591,0.00532997
0.0016773,0.00248721,0.00522086,0.00282821,0.00256633,0.00585592,0.0058835,0.0100761,0.00991231,0.00526442,0.0083375,0.00624584
0.00148227,0.00217051,0.00482663,0.00249503,0.0017654,0.00459902,0.00361443,0.00621682,0.00611561,0.00255571,0.00572525,0.00342043
0.00190331,0.00170429,0.004085,0.00254944,0.00187504,0.00380621,0.00363934,0.00691756,0.00744378,0.00433011,0.00579443,0.00418161
0.00161553,0.00201737,0.00304422,0.00234759,0.00164522,0.00290986,0.00352659,0.00384763,0.00367488,0.00200382,0.00348686,0.00220308
0.00247237,0.00217674,0.0023102,0.00159059,0.0017947,0.00380361,0.00347668,0.00378615,0.00438389,0.00266721,0.00312026,0.00288329
0.0164511,0.0103647,0.00444333,0.00394958,0.00749277,0.0121402,0.00754829,0.00451715,0.00754679,0.0109065,0.0100864,0.0102476
0.00909005,0.00715193,0.00274831,0.00213621,0.00549354,0.0134943,0.0082244,0.00542225,0.00311526,0.00677311,0.00878326,0.0056676
0.0178193,0.00765509,0.00181415,0.00203233,0.00489246,0.0110785,0.00633607,0.00875851,0.0148547,0.0101213,0.00356064,0.0115937
0.0172158,0.00860918,0.00190364,0.00213572,0.00527357,0.0106366,0.00563238,0.00678789,0.0108834,0.00637253,0.00470319,0.0100953
0.0167759,0.0098385,0.00135928,0.00119636,0.00608951,0.0122383,0.00705281,0.00561177,0.0067013,0.00872508,0.00786117,0.007009
0.022879,0.0128507,0.00225483,0.00166951,0.00616759,0.0171213,0.00993698,0.0057909,0.0062404,0.00837884,0.0109924,0.0119633
0.019387,0.0105444,0.000924605,0.002151,0.00598509,0.014707,0.00823831,0.00415289,0.0101447,0.0122016,0.00308839,0.00866668
0.0125068,0.00681569,0.0015282,0.00186074,0.00573078,0.0141924,0.00826018,0.00505207,0.0139621,0.0143314,0.00594276,0.00569962
0.0145565,0.00702479,0.000863979,0.00132939,0.00783311,0.0187045,0.0101165,0.00473781,0.00649449,0.00981949,0.0116924,0.00441443
0.0160067,0.00755464,0.00118077,0.00126781,0.00666047,0.0176483,0.0104499,0.00269473,0.00319643,0.00654473,0.00957653,0.00601808
0.00895877,0.0053166,0.00100065,0.00141292,0.00478132,0.0135355,0.00781379,0.00617613,0.0126719,0.0114708,0.00393423,0.00365038
0.0143497,0.0077111,0.00114766,0.0012022,0.00483386,0.00830053,0.00331047,0.002919,0.00605984,0.00474769,0.00569085,0.00660907
0.00971668,0.00530786,0.00267974,0.000827596,0.00285041,0.00519455,0.00451707,0.00419191,0.00589616,0.00430274,0.0103416,0.0106809
0.00921872,0.00467765,0.00587349,0.00345934,0.00407764,0.0047676,0.00365981,0.00917697,0.00946153,0.00780945,0.00758449,0.0074816
0.00855848,0.00509241,0.00463913,0.0031461,0.00208863,0.00404512,0.00734832,0.00967787,0.00983183,0.00776754,0.00382712,0.00486608
0.00904662,0.00424308,0.00389102,0.00300496,0.0016819,0.0035612,0.00889559,0.00926519,0.00889324,0.008237,0.00789812,0.00906468
0.00715012,0.00428781,0.00296292,0.00160998,0.00106313,0.00408633,0.0108137,0.0109915,0.0032177,0.0014912,0.00381181,0.0048445
0.00638805,0.00399442,0.00424836,0.00254053,0.00107418,0.00177637,0.00639272,0.00899545,0.00494582,0.0020783,0.00292718,0.00381767
0.00686623,0.00379205,0.005238,0.00261174,0.00125128,0.00243741,0.00416452,0.00932417,0.00510469,0.00116063,0.0021608,0.00447408
0.00474476,0.00336229,0.0021499,0.00145544,0.00161091,0.00278842,0.00606933,0.00582625,0.00116234,0.00249234,0.00223617,0.00362406
0.00155876,0.00147135,0.00275237,0.00182715,0.00173382,0.00280215,0.00308255,0.00146487,0.00174588,0.00235823,0.0020265,0.00165476
0.00227404,0.0035477,0.0032019,0.00293547,0.00523726,0.00595689,0.00304928,0.0030596,0.00534264,0.0118893,0.00753023,0.00226192
0.00283971,0.00328586,0.00241666,0.00297737,0.00383856,0.00434251,0.00373396,0.00269217,0.00457736,0.00968293,0.00841454,0.00398227
0.00309763,0.00294371,0.00152351,0.00272245,0.00542675,0.00468637,0.00358181,0.00285582,0.0021396,0.00542974,0.00459223,0.0023209
0.00449938,0.00260488,0.00263133,0.00352368,0.00579102,0.00444413,0.00231925,0.00356363,0.00230558,0.00309713,0.00455224,0.00571385
0.0141085,0.00899598,0.0045224,0.00618143,0.00457291,0.00789567,0.00697872,0.00666347,0.00747366,0.00622964,0.00613677,0.00984167
0.0143051,0.00613469,0.00280819,0.00521682,0.0149732,0.021295,0.0120705,0.00682643,0.00659581,0.00858475,0.00642134,0.00919343
0.0220133,0.00835298,0.00245802,0.00470013,0.0110874,0.0226124,0.0127354,0.00379819,0.00582906,0.00685046,0.00357707,0.0153946
0.00659781,0.00626307,0.00168523,0.00367707,0.0128693,0.0215046,0.00946296,0.00586264,0.00488433,0.00563475,0.00532576,0.00371905
0.00375254,0.00370474,0.00253755,0.00636748,0.0151865,0.0251509,0.0110433,0.00296746,0.00302709,0.00631664,0.00973878,0.011888
0.00747223,0.00382193,0.00176115,0.00541058,0.0117588,0.0224228,0.0104511,0.00552127,0.00580104,0.00532571,0.00970383,0.0109306
0.00657123,0.00343583,0.00261913,0.00346479,0.00792739,0.0148183,0.012183,0.00751991,0.00342624,0.00183857,0.00616221,0.00851706
0.00584906,0.00234732,0.00243403,0.00126881,0.00690064,0.0165825,0.012891,0.00786215,0.00230579,0.00196272,0.00345357,0.00682925
0.00793846,0.0038461,0.00172727,0.00317676,0.00992453,0.0157664,0.00872072,0.00508164,0.00258222,0.00180161,0.00367549,0.00760749
0.0094199,0.00591475,0.00295964,0.00575968,0.0101,0.0119289,0.0060926,0.00662738,0.0116762,0.00920996,0.00419006,0.00634206
0.00469381,0.00354255,0.00189594,0.00236261,0.00408993,0.00849454,0.00820689,0.00506727,0.00888519,0.0192619,0.013913,0.00439957
0.00165805,0.00123059,0.001027,0.00159928,0.00274311,0.00905754,0.00581459,0.0029788,0.0036861,0.00696482,0.00626184,0.00428606
0.00362289,0.00300824,0.00310502,0.00225383,0.00566247,0.0106221,0.00540927,0.00303021,0.00302229,0.00525414,0.00739912,0.0049184
0.00412677,0.00232634,0.00280815,0.00281351,0.00343505,0.00863798,0.0113739,0.0121071,0.00890607,0.00621747,0.0049282,0.00543141
0.00279145,0.00314386,0.00414196,0.00181303,0.00407108,0.00582926,0.0120937,0.0219369,0.0150199,0.00966346,0.0121609,0.00555532
0.00298303,0.00409099,0.00496957,0.00259431,0.00286239,0.00534882,0.0117679,0.0291453,0.0181944,0.0128009,0.0152396,0.00595646
0.00339707,0.00359433,0.00416498,0.00241131,0.00412184,0.0079502,0.0179315,0.0359376,0.0223038,0.0171587,0.0112043,0.00554453
0.00314869,0.00134584,0.00192321,0.00183095,0.00207581,0.00429115,0.0175081,0.039813,0.0228743,0.0122625,0.0116278,0.00645837
0.00304096,0.00136439,0.00152358,0.00241382,0.00336064,0.00638144,0.0219963,0.0447405,0.0292183,0.0147549,0.013443,0.0100826
0.00261479,0.00124894,0.00217035,0.00221408,0.00308517,0.00604843,0.017023,0.0454301,0.0257089,0.00686789,0.00729785,0.00842064
0.00262462,0.00151832,0.00204014,0.00152827,0.0026086,0.00514308,0.0178598,0.0417155,0.0250547,0.00454497,0.00319835,0.00386455
0.00541701,0.0011197,0.00164836,0.00133457,0.00140313,0.00590064,0.0188828,0.0370606,0.0196609,0.00860618,0.0201753,0.0184713
0.00232522,0.00202195,0.00285498,0.0024007,0.00227948,0.00316749,0.0103411,0.0242882,0.0135999,0.00578151,0.0109116,0.00918255
0.00401102,0.00377443,0.00252435,0.00284199,0.00351639,0.00688495,0.0105624,0.0136592,0.0133804,0.0106494,0.00845848,0.00526926
0.000243951,0.000212725,0.0002031,0.000199243,0.000176891,0.000170451,0.000153718,0.000165317,0.000128009,0.000128958,0.000100707,9.58067e-05
4.54371e-05,3.55874e-05,2.78146e-05,2.20915e-05,1.7341e-05,1.81313e-05,1.20176e-05,1.05821e-05,1.10001e-05,9.09963e-06,3.3014e-06,3.20418e-06
2.46331e-06,1.20301e-06,7.64595e-07,5.9432e-07,3.8389e-07,1.03479e-06,9.7366e-07,7.89087e-07,1.02408e-06,1.19802e-06,9.41209e-07,5.29227e-07
3.09999e-09,1.59785e-09,1.91248e-09,2.51741e-09,2.2295e-09,2.1724e-09,3.40429e-09,2.22285e-09,2.18792e-09,2.46954e-09,1.50956e-09,2.64692e-09