0.00951544,0.00738476,0.00883361,0.011523,0.0121045,0.0115937,0.0117406,0.0136632,0.0174724,0.0176131,0.0148829,0.0156717
0.00989757,0.0125838,0.0256321,0.0259458,0.0202665,0.0165922,0.0305198,0.0522668,0.0499667,0.032415,0.0175275,0.0130796
0.00859076,0.0136122,0.0204764,0.0105822,0.00909885,0.00677454,0.0177667,0.0355468,0.0219701,0.0171017,0.016681,0.0192899
0.00548579,0.011017,0.015924,0.00887439,0.00681872,0.00916097,0.0246666,0.0352901,0.0171119,0.0140744,0.0143157,0.010277
0.00341688,0.0103489,0.00742526,0.00632626,0.00619328,0.00972475,0.0384819,0.0585772,0.0243286,0.0151815,0.0134687,0.01177
0.00342053,0.015223,0.0188112,0.0117907,0.0104623,0.00954412,0.0282024,0.0396626,0.0209276,0.0127884,0.0153152,0.0137088
0.00450231,0.014078,0.0182858,0.00950414,0.00792181,0.0107182,0.0156005,0.0327101,0.0188811,0.0233632,0.0167161,0.0112679
0.00632775,0.0219096,0.0208386,0.00862785,0.00732791,0.0122311,0.0265764,0.0415974,0.0204244,0.0221011,0.0240199,0.014263
0.0114371,0.0138206,0.0104654,0.0076678,0.00757277,0.0170312,0.032509,0.0430299,0.0178648,0.0141744,0.0201894,0.0109526
0.023931,0.0267157,0.00729131,0.00434966,0.00439803,0.0141107,0.0422143,0.0427252,0.0156492,0.0153119,0.0208775,0.00817749
0.0172149,0.0319204,0.0120626,0.00575501,0.00955635,0.0234503,0.0517237,0.0319353,0.0108245,0.0141793,0.0247066,0.012314
0.0182849,0.0182384,0.0153257,0.00822009,0.00770969,0.0265225,0.0519337,0.027525,0.00923929,0.0127337,0.0213112,0.0142823
0.0189211,0.0132367,0.00619588,0.00736978,0.0109394,0.029629,0.0558183,0.0278689,0.00651183,0.00974232,0.0139531,0.0105685
0.0164715,0.0175715,0.00840985,0.00639786,0.00683435,0.014951,0.0264624,0.0130594,0.00561429,0.00584426,0.0157092,0.0130028
0.00465627,0.00797997,0.00604681,0.00593826,0.00337192,0.0183384,0.0415502,0.021532,0.00799053,0.00689755,0.00817761,0.00567943
0.00622664,0.0103931,0.00498256,0.00431634,0.00491033,0.00660256,0.0204218,0.0210135,0.00907343,0.0080929,0.00887013,0.00649744
0.0143253,0.0183923,0.0174281,0.0134371,0.00636084,0.0140845,0.0295196,0.0376002,0.022305,0.0157173,0.0131293,0.0157516
0.0129734,0.0212816,0.0317643,0.0216442,0.0106019,0.0113129,0.0213694,0.0292136,0.0221025,0.0152256,0.011494,0.0131425
0.0098409,0.0319265,0.034673,0.0162805,0.00567309,0.0097124,0.0326096,0.0513008,0.0251783,0.00898367,0.0104111,0.0117661
0.0106934,0.0316878,0.0293961,0.0103981,0.00377641,0.0120074,0.0420432,0.0486126,0.0186825,0.0107352,0.014099,0.0123408
0.0143468,0.0301479,0.0327991,0.0153411,0.00502185,0.0101493,0.0283366,0.0407304,0.0164863,0.00998941,0.0166388,0.0131715
0.0092716,0.0137338,0.0301875,0.0261979,0.00776727,0.00627156,0.0313382,0.0620317,0.0298426,0.0050684,0.0119806,0.0161088
0.00476112,0.0189487,0.0233483,0.0137169,0.00685216,0.00771703,0.0228959,0.0417885,0.0220039,0.00512592,0.00724085,0.00841151
0.00744092,0.0171189,0.024061,0.0138139,0.00483723,0.00368971,0.0184727,0.0348949,0.017627,0.009111,0.00905794,0.013238
0.0100629,0.023137,0.0149189,0.0140716,0.00590381,0.00568476,0.0175547,0.0355447,0.0199795,0.0164763,0.0200689,0.011671
0.0191821,0.0399073,0.0314441,0.0237856,0.00963538,0.0093992,0.0331292,0.0503614,0.0267901,0.0138859,0.0143445,0.012399
0.00665591,0.0148133,0.0164957,0.0122914,0.00440826,0.00859204,0.0372359,0.0521468,0.0220155,0.00600854,0.00914771,0.0125214
0.0101023,0.0221889,0.022066,0.00903137,0.00328507,0.00560898,0.0238456,0.0426642,0.0211779,0.0118316,0.0235582,0.0190428
0.0116053,0.0228799,0.0148205,0.010333,0.00472286,0.0114958,0.0360123,0.0602087,0.0326451,0.0159238,0.0135158,0.0124605
0.00931765,0.0259588,0.0333349,0.0191499,0.0115333,0.00975667,0.0249344,0.054403,0.0383555,0.0144165,0.00978676,0.0125925
0.00656672,0.0112785,0.0234019,0.0200066,0.00766258,0.00600372,0.0178252,0.0366093,0.0229802,0.00805727,0.00885843,0.0110391
0.0049405,0.0102346,0.0112415,0.00567354,0.00355005,0.00495425,0.0221564,0.0445748,0.0305225,0.0144896,0.0187218,0.0159227
0.0121735,0.0119479,0.0187031,0.0174132,0.00756103,0.0107213,0.0282811,0.0691925,0.0453493,0.0164602,0.0144439,0.0108623
0.0101762,0.0142833,0.0191873,0.0123768,0.00957339,0.00909422,0.0214815,0.0500215,0.0393566,0.0165987,0.0114658,0.0153763
0.00509358,0.00877152,0.0151047,0.0100243,0.00598184,0.00656004,0.0251294,0.0454991,0.028223,0.009216,0.00730294,0.00449576
0.00537002,0.00544593,0.010531,0.00762856,0.00411075,0.00590796,0.0124055,0.0399641,0.0268134,0.00709755,0.00759031,0.00819215
0.003243,0.00500405,0.00898454,0.00600288,0.00326511,0.00540191,0.00823287,0.0173053,0.0119966,0.00551181,0.00503187,0.00668356
0.00141766,0.00372354,0.00730344,0.00586749,0.00356807,0.00534258,0.00980348,0.0217378,0.0165164,0.00617015,0.00412184,0.0036856
0.00429442,0.00931946,0.0137213,0.00963742,0.00716041,0.00729157,0.0107672,0.0184656,0.0103569,0.00402479,0.00467742,0.00568349
0.00335689,0.00332038,0.00575326,0.00584081,0.00465902,0.00567058,0.0132365,0.0208663,0.00790388,0.00411331,0.00371358,0.0038232
0.00713006,0.00852036,0.0130708,0.0103026,0.00777209,0.00556696,0.0100504,0.0155062,0.0100725,0.00429352,0.0058776,0.00913413
0.0197642,0.0100448,0.00733553,0.0088743,0.00767497,0.00892911,0.00586657,0.0123611,0.00847687,0.00712091,0.00782608,0.0101645
0.011814,0.01113,0.0202606,0.00972664,0.0127062,0.0124241,0.0120475,0.0167535,0.00871026,0.00628818,0.00672116,0.0171945
0.0104179,0.00787464,0.0118256,0.0200251,0.0102258,0.00778687,0.0100244,0.0163495,0.00821438,0.00763778,0.012006,0.0100332
0.00732489,0.00910711,0.0118019,0.0209197,0.0132631,0.00720385,0.00909732,0.0150892,0.00945996,0.00589369,0.0105262,0.0118133
0.0214551,0.0056456,0.0169331,0.014763,0.00884854,0.00597996,0.00667204,0.00934388,0.00856241,0.00687223,0.00948987,0.0294675
0.00857017,0.00773827,0.0135801,0.0105115,0.00941026,0.00957732,0.00771995,0.0108613,0.00581528,0.00582425,0.0128701,0.0246952
0.00613875,0.0056837,0.0126712,0.00653514,0.00464682,0.00492117,0.0045308,0.00838057,0.00440104,0.00235707,0.00375174,0.00930395
0.00887935,0.00525729,0.00900559,0.00630808,0.00536196,0.00133325,0.00249845,0.00511857,0.00835883,0.00714408,0.0139022,0.0205478
0.00745857,0.0109914,0.0155254,0.00883045,0.00608467,0.00699056,0.00778514,0.0118662,0.0056117,0.00420414,0.00531568,0.0094289
0.00382764,0.00478534,0.0128905,0.00888443,0.00384693,0.00426648,0.00736654,0.0174918,0.0121832,0.00409789,0.0058913,0.00700884
0.0132164,0.0241269,0.00822793,0.00473388,0.00268914,0.00854302,0.0166558,0.0130559,0.00599825,0.00256031,0.00277543,0.00296052
0.00527743,0.0147162,0.0230178,0.0108202,0.00345009,0.00350682,0.00950244,0.0140798,0.00661839,0.00384484,0.00543296,0.00351132
0.00574939,0.00803827,0.00683473,0.0137283,0.00622322,0.00475012,0.00471135,0.0148106,0.0266378,0.0132056,0.00314823,0.00527924
0.00757205,0.0154452,0.0137376,0.00750655,0.00423836,0.00815716,0.0154381,0.0151231,0.00610394,0.00406564,0.00364628,0.00307317
0.003185,0.00571422,0.00526827,0.00575074,0.00544142,0.00253406,0.00638175,0.00876937,0.00643164,0.00399232,0.00337025,0.00281674
0.00478719,0.0047749,0.00501144,0.00430895,0.00231917,0.00317825,0.00332691,0.00419232,0.00413801,0.00321573,0.00224981,0.00328089
0.00316647,0.00433309,0.00272798,0.00418271,0.00293613,0.00265244,0.00831498,0.0193176,0.0141543,0.00405203,0.00196869,0.00414768
0.00311127,0.00511017,0.00883282,0.00482302,0.0036526,0.00361784,0.00888887,0.0158251,0.00793705,0.0046791,0.00377403,0.00450344
0.00187633,0.00544728,0.00564141,0.00270188,0.00250055,0.00130771,0.0101171,0.0137065,0.00609427,0.00269412,0.0031285,0.00347228
0.00295907,0.00509918,0.0082709,0.00563787,0.00386307,0.00298967,0.00638877,0.0175852,0.0134848,0.00420101,0.00207754,0.00299447
0.00156308,0.00139937,0.00407358,0.00344801,0.00264163,0.00410281,0.00897647,0.0185093,0.0146431,0.00476632,0.00175598,0.00161655
0.00278106,0.00555089,0.00567773,0.00272891,0.00369642,0.0035313,0.00750401,0.0144074,0.00936004,0.00259328,0.00119512,0.00228014
0.00361336,0.00489734,0.00546808,0.00282033,0.00224389,0.00241065,0.00439387,0.00934767,0.00576976,0.00338614,0.00268091,0.0031674
0.00385491,0.00631355,0.00662126,0.00378876,0.00310086,0.00370176,0.00626891,0.0146488,0.0126004,0.0113883,0.0122453,0.00960337
0.00327099,0.00705031,0.00808259,0.0106181,0.00818723,0.00247006,0.0037331,0.00763421,0.00628328,0.00382473,0.012738,0.0119443
0.0199203,0.0201181,0.00551037,0.00433045,0.00366513,0.00480522,0.00703973,0.00942444,0.0051965,0.00532654,0.00432258,0.0054078
0.0292175,0.0220228,0.00592,0.00340644,0.00641194,0.009092,0.00859215,0.00974157,0.00466796,0.00484507,0.00428199,0.0104573
0.0166893,0.00814733,0.00441029,0.00613712,0.0141957,0.0095263,0.00531729,0.00782274,0.0105124,0.00774972,0.016146,0.0313626
0.0297294,0.0127126,0.00536055,0.0047111,0.00978716,0.0127625,0.00741726,0.00653075,0.00471457,0.0053267,0.00831526,0.0213046
0.0103942,0.0126079,0.00798772,0.00399258,0.00519972,0.00629181,0.00746456,0.00711084,0.0054517,0.00516403,0.00562978,0.00611263
0.0128201,0.0101647,0.00712874,0.00562559,0.00675815,0.00659663,0.00494647,0.00555547,0.00270711,0.00304658,0.00437143,0.00775013
0.0145184,0.01407,0.00997237,0.0116477,0.0127557,0.00643162,0.00441559,0.00352637,0.00657221,0.00736133,0.0141791,0.0236232
0.00700158,0.00799049,0.00870351,0.0134951,0.0147241,0.00605506,0.00596284,0.00695388,0.00494998,0.00455668,0.0122541,0.0181956
0.00478943,0.00361222,0.00533763,0.0154556,0.0120292,0.00563227,0.00633847,0.00759064,0.00237041,0.00359634,0.0131723,0.0163755
0.00965747,0.00929437,0.00685318,0.0184447,0.0205161,0.00905396,0.00474763,0.0106202,0.0120619,0.0106448,0.0197934,0.0212241
0.0135544,0.00566571,0.00557378,0.00476762,0.0108922,0.00918325,0.00590326,0.00592491,0.00464121,0.00507354,0.0133523,0.0267923
0.00573829,0.00391987,0.00418742,0.0029885,0.00425493,0.00380348,0.00349313,0.00562084,0.00530486,0.00461849,0.00433723,0.00799059
0.00589261,0.00413826,0.00529911,0.0045783,0.00314164,0.00346249,0.00455481,0.00843463,0.00523912,0.00229201,0.00598695,0.00937703
0.0081607,0.00914651,0.00787319,0.00985142,0.0134577,0.0112265,0.00514512,0.00823239,0.00850283,0.00793397,0.0105976,0.014502
0.00693177,0.00730363,0.0071774,0.00494404,0.00521224,0.00778462,0.00748124,0.00871655,0.00755803,0.00470521,0.00998024,0.0130387
0.0058898,0.00461453,0.00418842,0.00833847,0.00821686,0.00763447,0.00528419,0.00978759,0.00621522,0.00386056,0.00540969,0.00964213
0.00409939,0.00701636,0.00678319,0.00860992,0.00295941,0.0027174,0.00485985,0.00603685,0.00285806,0.00513134,0.00856258,0.0113434
0.0058983,0.00939983,0.00914978,0.00475244,0.00221635,0.00631502,0.00490506,0.0083522,0.00569421,0.00753334,0.00955697,0.0130614
0.0026254,0.00574524,0.00804517,0.00517976,0.0044538,0.00535375,0.00624131,0.00690382,0.00253862,0.00410276,0.00864852,0.00707955
0.00269189,0.00271541,0.00574677,0.00569512,0.00469667,0.00478285,0.00344767,0.0108309,0.00680028,0.00441527,0.00748219,0.00652594
0.00379661,0.00308294,0.0102333,0.0102516,0.0047443,0.00274391,0.00619919,0.00962722,0.00533632,0.00471862,0.00710375,0.00942823
0.00435418,0.00942289,0.0101562,0.00315058,0.00363009,0.00333464,0.0059351,0.00804042,0.0041859,0.00463446,0.00467831,0.00908508
0.00288483,0.00562412,0.0105549,0.00818781,0.00463914,0.00153968,0.00447238,0.00690338,0.00436597,0.00271396,0.00450381,0.00531206
0.00172834,0.00410455,0.00543999,0.00688464,0.00475462,0.00290512,0.00361422,0.00890859,0.00638552,0.00478616,0.00856365,0.0089611
0.00718613,0.00665053,0.00678386,0.00787937,0.00655221,0.00594626,0.00515134,0.00718198,0.00873767,0.00775172,0.00783277,0.0125469
0.00553714,0.00690664,0.00619689,0.00582646,0.00347994,0.00342834,0.00486954,0.00753572,0.0051514,0.00237853,0.00634188,0.00887219
0.00241616,0.00472648,0.00751885,0.00718248,0.00439738,0.0031253,0.00564567,0.00745424,0.00446776,0.00647292,0.00620203,0.00598388
0.00344423,0.00491293,0.00665165,0.011928,0.00573706,0.00292709,0.00432879,0.00608853,0.00378333,0.00536204,0.00824517,0.00905471
0.00909097,0.0061788,0.00664481,0.00799071,0.00677697,0.00475922,0.00423653,0.0094292,0.00891972,0.00545853,0.00698948,0.00753866
0.00493438,0.00578004,0.00817604,0.00678985,0.00505045,0.00334003,0.00464871,0.00958156,0.00842219,0.00625656,0.0141812,0.0166412
0.0046581,0.00562344,0.00857211,0.00641664,0.00424132,0.00405989,0.00567076,0.00569784,0.00337503,0.00526405,0.0079321,0.0073464
0.00263305,0.00769375,0.006553,0.00227252,0.0037056,0.00410056,0.00497228,0.00940791,0.0089222,0.00742065,0.00915082,0.0122565
0.00453572,0.00303477,0.00683287,0.00553465,0.00342866,0.00307746,0.00556561,0.00665424,0.00396771,0.00402033,0.00473589,0.00884826
0.00747811,0.00741572,0.00714273,0.00876958,0.0121761,0.00702203,0.00276065,0.00638573,0.005173,0.00243287,0.00691153,0.00763199
0.0150455,0.0155781,0.0083824,0.00694455,0.00549417,0.00472494,0.00453234,0.00639753,0.00503419,0.00287205,0.00410179,0.0079697
0.0157697,0.00985891,0.00934676,0.00726787,0.00417255,0.00468941,0.005067,0.00619088,0.003035,0.00380669,0.00619692,0.0173151
0.00705707,0.010352,0.0136221,0.00799319,0.00526019,0.00570862,0.00404526,0.00733439,0.00372741,0.0035784,0.0080653,0.00714025
0.0229051,0.0237394,0.00817341,0.00403768,0.00353243,0.00326677,0.00246202,0.00464659,0.00459101,0.0038524,0.00651489,0.00782819
0.014408,0.0220528,0.00966762,0.00454798,0.00590467,0.00780884,0.00390541,0.00606249,0.00713839,0.0059988,0.00485099,0.00619949
0.00906353,0.00636822,0.00275699,0.00268544,0.00326562,0.00413737,0.00249903,0.00394919,0.00270524,0.00225557,0.0043294,0.00706957
0.00730063,0.00786451,0.00932393,0.00755169,0.00655076,0.00646291,0.00442937,0.00550542,0.00645005,0.00577093,0.00626754,0.011363
0.00650928,0.0101027,0.010743,0.0122201,0.0129114,0.00790009,0.00373958,0.00424911,0.00323743,0.00587047,0.0127144,0.0122438
0.0034805,0.00252673,0.00509952,0.00583099,0.00448903,0.00295373,0.00404597,0.00674276,0.00654318,0.00620052,0.00609841,0.00631924
0.0055019,0.00716499,0.00605423,0.00344914,0.00447846,0.00461919,0.00327634,0.0071333,0.00468013,0.00355405,0.00479597,0.00724619
0.00557566,0.00753999,0.00407366,0.00255157,0.0027815,0.0031335,0.00351393,0.00630311,0.00660517,0.00985902,0.011805,0.00634941
0.00416662,0.00647302,0.00688585,0.0040435,0.00343048,0.00649476,0.00906387,0.00762877,0.00486334,0.00323551,0.00255592,0.00754217
0.00304671,0.00826973,0.0139277,0.00921351,0.00446285,0.00491561,0.0119571,0.00955422,0.00369228,0.0050014,0.00572079,0.00888689
0.00237197,0.00775805,0.0110978,0.00493121,0.00327763,0.00335921,0.00548781,0.0150767,0.00974956,0.00429338,0.00827498,0.00909607
0.00594587,0.011964,0.00990929,0.0034203,0.0026515,0.00381948,0.00493516,0.00975708,0.00839751,0.00387345,0.00438115,0.00861732
0.00519366,0.00660561,0.00860275,0.00318867,0.00316967,0.0043585,0.00468617,0.0118833,0.00829933,0.00609967,0.00690607,0.0115003
0.00382118,0.00514673,0.00649186,0.00774459,0.0029441,0.00198795,0.00670943,0.0125736,0.00867657,0.00721052,0.009637,0.0103879
0.00277709,0.00298991,0.00824999,0.0052668,0.00385367,0.00363105,0.00714473,0.00713004,0.00418372,0.00470246,0.0032855,0.00707308
0.00626737,0.0137622,0.00958099,0.00577195,0.00222769,0.00204338,0.00419302,0.00593296,0.00469179,0.00464408,0.00148594,0.00622272
0.00330293,0.00787278,0.00972795,0.00368564,0.00375593,0.00299602,0.00558548,0.0130396,0.0087118,0.00467853,0.00512888,0.00791283
0.00330616,0.00617819,0.0129568,0.00953095,0.00312488,0.00256332,0.00556958,0.0094258,0.00879134,0.00803324,0.00709297,0.00632462
0.00328349,0.00406823,0.0107701,0.00643111,0.00308991,0.00414481,0.00709281,0.0128983,0.00638121,0.00383996,0.00465823,0.00827756
0.00719191,0.00934177,0.00420596,0.00673851,0.00435641,0.00338943,0.00732411,0.0113645,0.0068519,0.00487686,0.00747177,0.0140334
0.00237847,0.00778707,0.00621354,0.00404407,0.00268157,0.00403935,0.00907843,0.0150742,0.0081561,0.00459701,0.0068779,0.0135365
0.00355098,0.00925752,0.0135667,0.00709646,0.00226097,0.00302885,0.00520452,0.00628466,0.00439476,0.00301316,0.0074265,0.00815115
0.00559572,0.0111585,0.00598054,0.00543225,0.00452563,0.00389412,0.00541492,0.00631918,0.00700144,0.0039451,0.00268998,0.00531448
0.00335571,0.00798544,0.0106519,0.00681827,0.0029333,0.00331306,0.00569466,0.0115717,0.00808229,0.00529953,0.00956763,0.011657
0.00189445,0.00419099,0.00607972,0.0079342,0.00594017,0.0043316,0.0051363,0.00916285,0.00570037,0.0021607,0.00618926,0.0107218
0.00268242,0.00484042,0.00783084,0.00696276,0.00397071,0.00225985,0.00491472,0.011858,0.00494547,0.00442977,0.00653853,0.00790566
0.00398229,0.00788475,0.00837132,0.00766763,0.00429417,0.00237447,0.00641339,0.0113046,0.00644196,0.00587689,0.00634306,0.0110884
0.00424397,0.00924682,0.00892263,0.00620806,0.00354095,0.00285904,0.00595081,0.0082535,0.00829795,0.00794883,0.00745488,0.00581076
0.0031991,0.0054953,0.0105425,0.00796839,0.0042867,0.00326454,0.00655644,0.00881403,0.00444782,0.00458891,0.00587671,0.0058404
0.00443725,0.00518326,0.00438191,0.00300344,0.00161589,0.00346737,0.00693944,0.0105839,0.00686084,0.00306459,0.00679085,0.00898785
0.0039522,0.0108472,0.0120344,0.00529479,0.00745806,0.00585553,0.00412334,0.0051702,0.00334758,0.00708594,0.0108542,0.0127218
0.017803,0.0144005,0.00609045,0.0041197,0.00606241,0.00485114,0.00150392,0.00804865,0.00688111,0.00284288,0.00360833,0.00600725
0.0119755,0.0111545,0.0046321,0.00486237,0.00585302,0.00564043,0.0055155,0.0111087,0.00610599,0.00434452,0.00585818,0.0104135
0.00409818,0.00254488,0.00602575,0.00351361,0.00241951,0.00226257,0.00259372,0.00693031,0.00275082,0.0030251,0.00421348,0.00593814
0.00286314,0.00771444,0.0104967,0.0055076,0.00450314,0.0046649,0.00316292,0.00965708,0.00887043,0.00554766,0.00495418,0.00391183
0.00750029,0.00387753,0.00511207,0.00415642,0.00256908,0.00266065,0.0045154,0.00715838,0.00589712,0.00575263,0.00921775,0.0164044
0.00303251,0.00344432,0.00529223,0.00369484,0.00240565,0.00304116,0.00195388,0.00642151,0.00364202,0.00379407,0.00569641,0.005728
0.00381287,0.00387295,0.00461106,0.00226639,0.00128218,0.00218814,0.00245042,0.00610614,0.00352121,0.0025975,0.0031033,0.00247436
0.00518457,0.00677426,0.00638194,0.00321132,0.00328574,0.00246133,0.00236386,0.0068799,0.00963339,0.00808084,0.0113852,0.0104601
0.00878549,0.00885679,0.00602809,0.00534208,0.0063211,0.00381853,0.00393087,0.00715624,0.00639506,0.00598851,0.00359142,0.00881099
0.00294945,0.00510394,0.00940469,0.00691786,0.00754449,0.00559573,0.00403362,0.00489967,0.00326036,0.00533593,0.00590471,0.00356107
0.0105616,0.014785,0.0120956,0.0075776,0.00610095,0.00380478,0.00521372,0.00650089,0.00445269,0.00372099,0.00386691,0.0049336
0.00898722,0.00542957,0.00970928,0.00789842,0.00442889,0.00387258,0.00500531,0.00693106,0.00553043,0.00318449,0.00437606,0.0126964
0.00583345,0.0071246,0.0103386,0.00560341,0.00169841,0.00340451,0.00413959,0.00614744,0.00487271,0.00539306,0.0115973,0.00693939
0.00488707,0.00276833,0.00324592,0.00335614,0.00312028,0.00295984,0.0036548,0.00605417,0.00302583,0.00400631,0.00435374,0.00633707
0.00395051,0.00389592,0.0050195,0.00422559,0.00302254,0.00234191,0.0019663,0.00586534,0.00403834,0.00318642,0.00550276,0.00390261
0.00446574,0.00227345,0.003495,0.00257137,0.00224926,0.00251676,0.00264889,0.00625914,0.00391386,0.00335245,0.00189222,0.00395364
0.0023617,0.00349533,0.00547214,0.00344947,0.00220628,0.0025803,0.00508353,0.00772954,0.00365292,0.0018554,0.00211171,0.00183126
0.00145799,0.00265055,0.0058548,0.00453213,0.00245121,0.00273879,0.0050089,0.00984772,0.00645825,0.00354552,0.00478477,0.00341783
0.000875903,0.00239371,0.004893,0.00219783,0.00181685,0.00205233,0.00354725,0.00739905,0.00401556,0.0030997,0.00375732,0.00492784
0.00250501,0.00413158,0.00512746,0.00265442,0.00229433,0.00342211,0.00485708,0.0079916,0.00502758,0.00276833,0.00276776,0.00445196
0.00186612,0.00262534,0.00582535,0.00271474,0.00156153,0.00195983,0.00381269,0.00679495,0.00318739,0.00155251,0.00352779,0.00774527
0.00138714,0.00259587,0.00664708,0.00435638,0.00213699,0.00185045,0.00389461,0.00842144,0.00564625,0.00233039,0.00215674,0.00590474
0.00207332,0.0034085,0.00569133,0.00352858,0.00213598,0.00242242,0.00282143,0.00507504,0.00312815,0.00213567,0.00113183,0.00197388
0.0105867,0.00804137,0.00856919,0.00827271,0.00941905,0.00966635,0.00720873,0.00783825,0.0121229,0.0126341,0.0107496,0.015295
0.00454416,0.00416544,0.00271108,0.00315583,0.00254208,0.0035145,0.00448922,0.00914044,0.00634395,0.00652497,0.0130134,0.0127382
0.00276411,0.00295032,0.00420602,0.0044524,0.00410082,0.00404916,0.00538473,0.00609606,0.0051322,0.00373135,0.0082336,0.00814482
0.00252825,0.0036388,0.0040777,0.00240431,0.00186637,0.00204701,0.00677564,0.00967578,0.00618348,0.0055637,0.00731949,0.00970178
0.0070505,0.00374064,0.00477567,0.00442617,0.00376568,0.00584241,0.00593178,0.0115912,0.0111935,0.00911638,0.0151001,0.0156519
0.00296349,0.00343703,0.00408862,0.00292636,0.00214666,0.00316369,0.00375909,0.00654505,0.00459897,0.00344125,0.00998148,0.0130064
0.00456043,0.00483867,0.00435857,0.00328712,0.00245678,0.00395877,0.00378831,0.00645486,0.00298456,0.00370794,0.00409734,0.00508515
0.00220618,0.00467083,0.00697171,0.00412115,0.00283942,0.00378002,0.00382056,0.00374249,0.00216007,0.00365814,0.00661436,0.00599906
0.00607051,0.00776881,0.00660629,0.00495125,0.00374671,0.00296057,0.00304861,0.00267588,0.00148654,0.00492891,0.0108463,0.0102741
0.018564,0.0135308,0.00680513,0.00492641,0.00380859,0.00340205,0.00252884,0.00497656,0.0039247,0.00380075,0.00712384,0.00828919
0.0181509,0.0209845,0.00828996,0.00207714,0.00581837,0.00516276,0.0026267,0.00583955,0.00551175,0.00389778,0.0070116,0.00471393
0.0062167,0.0074209,0.00582333,0.00619266,0.00414204,0.00462575,0.00379524,0.00232701,0.00171035,0.00252157,0.00494305,0.0104437
0.0155252,0.00548036,0.00495905,0.0064641,0.0052882,0.00237571,0.00190996,0.00402185,0.00318668,0.00431361,0.00797207,0.0110328
0.01391,0.0155262,0.0086405,0.00283002,0.00664919,0.00693444,0.00393925,0.00633757,0.00507239,0.00244252,0.00488199,0.00613772
0.00711844,0.00645504,0.00693703,0.00392809,0.00223398,0.0024114,0.00298592,0.00438384,0.00307932,0.00225498,0.00389861,0.00622546
0.00907373,0.00588567,0.00684271,0.00304586,0.00548367,0.0048584,0.00507677,0.00557415,0.00484945,0.00600654,0.00587567,0.0080966
0.00393953,0.00368511,0.00886607,0.00803462,0.0028954,0.00250762,0.00647702,0.00869553,0.00468817,0.00599822,0.0120396,0.00603016
0.00387663,0.00634744,0.00929322,0.00491855,0.003275,0.00590289,0.00834936,0.00451896,0.00414157,0.00340856,0.00281357,0.0039881
0.0175508,0.0222286,0.00829896,0.00187491,0.00494341,0.00559898,0.00549777,0.0120038,0.00701679,0.00274423,0.00301926,0.00368395
0.0124618,0.0255543,0.0132659,0.00158825,0.006441,0.0109882,0.00830932,0.00991907,0.011021,0.0075266,0.00533521,0.00693583
0.00434514,0.00926527,0.0145908,0.00995398,0.00355894,0.00322418,0.0114667,0.0146013,0.00490813,0.00497816,0.00648073,0.00569115
0.00334054,0.0139321,0.0160808,0.00590863,0.00145394,0.00422659,0.00749156,0.00725282,0.00594578,0.00465026,0.00430636,0.0035003
0.0134088,0.0223101,0.00753295,0.00568155,0.00672855,0.00877992,0.00502787,0.00598593,0.00756036,0.00533584,0.00350925,0.00320964
0.0075719,0.0202724,0.0205423,0.00642745,0.00397038,0.00889398,0.00872625,0.00736833,0.00503177,0.00760606,0.00421843,0.00373936
0.00464539,0.00782823,0.0107521,0.0081936,0.0043132,0.00465957,0.00786423,0.0105183,0.00649175,0.00485877,0.00678584,0.00424525
0.00306238,0.0123541,0.0148498,0.00639861,0.0027836,0.007444,0.00999637,0.00756935,0.00529496,0.00726024,0.00498879,0.00364627
0.01771,0.0236671,0.010526,0.00662433,0.00629508,0.00703598,0.00436492,0.0124643,0.00985142,0.00606046,0.00619326,0.00563794
0.00786925,0.022754,0.0225359,0.00677226,0.00405946,0.00979768,0.00813907,0.00996987,0.011999,0.0122979,0.00774213,0.0111088
0.00482635,0.00456112,0.00881644,0.00682702,0.0025662,0.00390374,0.0104365,0.011809,0.0058971,0.00885903,0.00868297,0.00699987
0.00678803,0.020318,0.0190885,0.00570994,0.00391126,0.00599792,0.00464174,0.00792202,0.00959383,0.0084313,0.00418477,0.0051244
0.0161826,0.0294872,0.0182622,0.00683684,0.00488377,0.00781006,0.00569539,0.0119668,0.0144909,0.00935085,0.0061379,0.00786684
0.00500484,0.00964863,0.0122495,0.0111325,0.00752325,0.00457852,0.00613171,0.0119241,0.00792424,0.00878756,0.0105393,0.0118117
0.00789264,0.0133932,0.0138484,0.0081354,0.00398445,0.0039176,0.00415703,0.00836928,0.00642806,0.00573516,0.00514077,0.00586871
0.00424668,0.00881215,0.00801512,0.00447259,0.00410157,0.0033866,0.00438358,0.0108958,0.00710644,0.00547827,0.00418074,0.00281251
0.00382347,0.00322888,0.00394389,0.00224048,0.00143984,0.00330887,0.00676182,0.010354,0.00362533,0.00451123,0.00328381,0.00525782
0.00407682,0.00506048,0.00475054,0.00392083,0.00360735,0.00454221,0.00341516,0.0087366,0.00462625,0.00587304,0.00621965,0.0053465
0.00326535,0.00385383,0.00613547,0.00479995,0.00264257,0.00229585,0.00410013,0.0071448,0.00286165,0.00466758,0.00501498,0.00497119
0.00350231,0.0034253,0.00631861,0.00386235,0.00259189,0.00243262,0.00394529,0.00784729,0.00298647,0.00355021,0.00361491,0.0048507
0.012314,0.00974418,0.0103291,0.0147769,0.0179297,0.00920067,0.00691768,0.00900838,0.00476813,0.00315089,0.0148749,0.0252315
0.0183418,0.00967159,0.0142476,0.0140992,0.0106658,0.0125409,0.00576645,0.00990415,0.00392011,0.00555188,0.00522523,0.0107793
0.00575565,0.0064539,0.00769389,0.0174893,0.0146674,0.00336281,0.00545988,0.0100184,0.00657508,0.00464344,0.00993158,0.0118139
0.0096369,0.00444609,0.0125282,0.0176814,0.0113103,0.00753217,0.00744386,0.00958739,0.00591223,0.00519617,0.00808523,0.0111719
0.0164423,0.00770155,0.00780549,0.00994498,0.013322,0.0123076,0.0066384,0.0105676,0.00849448,0.00685333,0.00662807,0.0164616
0.0226932,0.00971252,0.014371,0.0123882,0.010187,0.0112951,0.00558486,0.0092936,0.00655541,0.00381928,0.00306214,0.0200568
0.0102515,0.00406174,0.00681304,0.00711089,0.0110449,0.00543582,0.00566313,0.00827889,0.00531833,0.00325521,0.00727669,0.0157346
0.0123976,0.00896694,0.0090645,0.00859055,0.00723692,0.00782202,0.00838297,0.0100505,0.00948105,0.0095471,0.00918367,0.0165943
0.0100145,0.0036013,0.00615376,0.0133372,0.0057756,0.00612696,0.00402222,0.0103228,0.00937816,0.0048612,0.0105904,0.0129735
0.00758422,0.0110368,0.0199236,0.0123528,0.00475601,0.00523198,0.00742187,0.0137518,0.00840325,0.00428951,0.00672853,0.0105011
0.0183063,0.0337553,0.0120539,0.00678981,0.00799252,0.00661241,0.00913244,0.00711435,0.00163688,0.00204402,0.00410837,0.00456837
0.0109254,0.0237532,0.0332725,0.0147563,0.00574811,0.00516851,0.00435823,0.0091466,0.00590505,0.00417684,0.00699555,0.0104415
0.00743843,0.00653193,0.0125929,0.0202584,0.00881442,0.00276311,0.00394011,0.00869838,0.00800409,0.00262883,0.00402874,0.0060894
0.00530876,0.0142492,0.0199394,0.00900083,0.0042301,0.00571909,0.00731116,0.0114892,0.00550698,0.00273706,0.00639586,0.0110326
0.0052575,0.0115646,0.00762964,0.00563024,0.0035086,0.0034393,0.00689396,0.00775446,0.00346426,0.00208989,0.00403694,0.00531147
0.00345859,0.0103876,0.00901957,0.00611859,0.00257078,0.00168597,0.00183406,0.00431889,0.00733697,0.0055599,0.00538069,0.00556608
0.0055864,0.0106925,0.0302743,0.0145432,0.00292937,0.00391374,0.00602648,0.00981873,0.00618483,0.00205135,0.0090506,0.0132922
0.0259658,0.0369211,0.0129704,0.00408002,0.00363749,0.0176407,0.019848,0.00659966,0.00265793,0.00222391,0.00456493,0.00492371
0.00854764,0.0231068,0.0259859,0.0062802,0.00322962,0.00523967,0.00992246,0.0113532,0.00406934,0.00145872,0.00446076,0.00480624
0.0143841,0.0132316,0.0301467,0.0223767,0.00376409,0.00565104,0.00717378,0.0120317,0.0109731,0.00322206,0.00476742,0.0172084
0.00227366,0.0105163,0.0142683,0.008857,0.00374428,0.00404033,0.0045884,0.00368521,0.00341239,0.00208598,0.00447746,0.00619255
0.0064882,0.0113788,0.00948231,0.00586919,0.0020792,0.00439895,0.00543045,0.00416688,0.00207483,0.00178003,0.00234964,0.00454762
0.00554955,0.00604025,0.00760689,0.00558321,0.0026785,0.00399024,0.00387512,0.00276824,0.00273223,0.00192305,0.00345861,0.00496024
0.00877183,0.00982397,0.0085817,0.00871368,0.00828849,0.00554683,0.00402658,0.00702607,0.00794339,0.00855267,0.0185023,0.0230255
0.0106736,0.0310064,0.0252868,0.0085414,0.00320369,0.00448158,0.0100519,0.00783212,0.00379931,0.00219746,0.00461638,0.0116654
0.0329072,0.0253698,0.0108617,0.00701063,0.00605992,0.00922485,0.00499151,0.00289583,0.00328775,0.00576027,0.00861607,0.0126455
0.014326,0.0112184,0.00354188,0.00364219,0.0129008,0.0100867,0.00362667,0.0041392,0.00927395,0.00719657,0.00422989,0.0119683
0.0350225,0.0426655,0.014989,0.005071,0.0031619,0.00599302,0.00884735,0.00444154,0.00163575,0.00340512,0.00567494,0.00896011
0.00815432,0.00671112,0.00510169,0.00431654,0.0064499,0.00711165,0.00448815,0.00415288,0.00322335,0.00494575,0.00473904,0.00745662
0.0126099,0.0171357,0.00848229,0.00282011,0.00522676,0.00516779,0.00580321,0.00490672,0.00522814,0.00363973,0.00245213,0.00462641
0.0108219,0.00698411,0.00506661,0.00349704,0.00248948,0.00247292,0.00323163,0.00346775,0.00326385,0.00316407,0.00393146,0.0090527
0.0108182,0.014425,0.0124258,0.00707995,0.00497731,0.00653999,0.00805208,0.00749053,0.00634963,0.0079153,0.0095141,0.0133011
0.0131687,0.00828528,0.00768498,0.00617598,0.0144216,0.00917595,0.00364108,0.0054493,0.00489829,0.00348,0.00776727,0.0221226
0.00412852,0.0122736,0.00864335,0.0221117,0.0217133,0.00649542,0.00514538,0.00698367,0.00336154,0.00211453,0.0102142,0.0135494
0.0169328,0.0192806,0.0152694,0.0265598,0.013009,0.00423493,0.00581262,0.00896031,0.00339574,0.00494886,0.00843172,0.00849559
0.00594532,0.00580818,0.00977745,0.0196425,0.0284902,0.0132273,0.00552436,0.00624253,0.0048256,0.00353111,0.00557689,0.0124071
0.00818956,0.0078176,0.00982697,0.0133637,0.0203156,0.0112264,0.00454205,0.00571001,0.00557064,0.0044787,0.00988515,0.0177494
0.00508874,0.0122912,0.0126937,0.0098907,0.00672162,0.00360136,0.00315795,0.00610367,0.00587502,0.00603846,0.00524433,0.00667335
0.00430176,0.00707942,0.00683433,0.00618529,0.00444293,0.00327779,0.00194351,0.00308518,0.00234762,0.00278456,0.0048708,0.0049547
0.0121449,0.00921851,0.00881518,0.00899204,0.00554308,0.00653548,0.00835968,0.0127595,0.0143894,0.0142955,0.0146229,0.0143469
0.00417557,0.00596887,0.0115393,0.0109104,0.00207251,0.00390368,0.00554366,0.00795121,0.00544007,0.00581163,0.0106028,0.016252
0.00899476,0.0142237,0.0105918,0.00691362,0.00899186,0.00562126,0.00467679,0.00572015,0.0068205,0.00448221,0.00722416,0.0116043
0.00416184,0.00969143,0.00982342,0.00457685,0.00305576,0.0025416,0.00512157,0.0109161,0.00771739,0.00423941,0.00495795,0.00922749
0.00401741,0.00643688,0.00999917,0.0074933,0.00286447,0.00178855,0.00725015,0.00991552,0.00675482,0.00496516,0.00569285,0.0116454
0.00350344,0.00446861,0.0107247,0.00952302,0.0043288,0.0031898,0.00594912,0.00882376,0.00554071,0.00586778,0.00908044,0.0104276
0.00459378,0.00833472,0.012313,0.00800242,0.0045591,0.00382953,0.00229487,0.00701181,0.00648218,0.00184151,0.00651491,0.012159
0.00529115,0.0110768,0.00840303,0.00530315,0.00391639,0.00488705,0.00396255,0.00596615,0.00315816,0.00398322,0.00636382,0.010245
0.00376701,0.00407244,0.0108688,0.0104187,0.00472804,0.00269594,0.00362457,0.00783496,0.00405152,0.00414974,0.00518079,0.00724877
0.00210553,0.00224507,0.00279503,0.00670142,0.00499181,0.00259479,0.00615484,0.0106874,0.00744842,0.00478038,0.00705038,0.0111722
0.00338142,0.00598482,0.00782567,0.00864385,0.00577848,0.00228779,0.0057897,0.00878103,0.00601708,0.00488759,0.00336391,0.0113432
0.00504148,0.00809772,0.0102373,0.00993137,0.0058047,0.00429333,0.00571418,0.00907969,0.00796031,0.00842353,0.013589,0.0171902
0.00335174,0.00626509,0.00989076,0.00991392,0.00585648,0.00335994,0.00533508,0.0101761,0.00590724,0.0073999,0.00923835,0.0139947
0.00499524,0.00664594,0.0091296,0.00917126,0.00393779,0.00213307,0.006014,0.0103083,0.00633776,0.00583293,0.0078809,0.00948337
0.00430844,0.00604672,0.00528185,0.00116626,0.00439722,0.0030813,0.00423218,0.00713622,0.00419353,0.00256699,0.00316769,0.00872273
0.00776972,0.00950365,0.00802402,0.00298364,0.00265109,0.00382097,0.00781897,0.0108318,0.0155166,0.0163135,0.0192799,0.0218085
0.00278008,0.00318499,0.0101358,0.00795467,0.00290883,0.00272008,0.00631539,0.00789019,0.00447825,0.006709,0.00955442,0.0116002
0.00388098,0.00744732,0.0105036,0.00466219,0.002746,0.00225546,0.00557185,0.00871692,0.0034283,0.00314627,0.00532465,0.0126406
0.00408742,0.00536862,0.00688961,0.00509734,0.00179933,0.00249104,0.00754973,0.0120918,0.00629161,0.00402538,0.00772081,0.0116916
0.00399351,0.00559408,0.00789195,0.00831505,0.00995455,0.00765664,0.00387825,0.0056127,0.00321122,0.0031962,0.00702074,0.0115637
0.00976556,0.00802432,0.0108087,0.00720219,0.00300015,0.0039862,0.00577212,0.00792586,0.00648215,0.00334195,0.00479567,0.00774815
0.00979443,0.0088744,0.00675099,0.00478401,0.00413222,0.00279383,0.00749526,0.011037,0.00703486,0.00389368,0.00745247,0.0155366
0.0164446,0.0111203,0.00476978,0.00310662,0.00521758,0.0042893,0.00518165,0.00784605,0.00366839,0.00355301,0.00519195,0.01081
0.00441881,0.0184286,0.0209278,0.00595533,0.00301065,0.00746186,0.00947939,0.00923291,0.00626874,0.00537508,0.00544568,0.0087211
0.0170969,0.014248,0.00744199,0.00807805,0.00601115,0.0042176,0.00650526,0.00845133,0.00667458,0.00443623,0.00529365,0.012647
0.00466374,0.00677944,0.0163606,0.0101181,0.00397585,0.00561596,0.00717422,0.00822178,0.0041356,0.00308843,0.00772776,0.00859312
0.0148975,0.0100928,0.0119751,0.0125487,0.00757932,0.00525747,0.00363616,0.00603174,0.00549605,0.00360401,0.0061943,0.0169665
0.00806928,0.0132916,0.0118189,0.0080185,0.00933159,0.00766476,0.00603779,0.00924391,0.00712871,0.00900027,0.0106439,0.0122569
0.00706985,0.0110453,0.0102443,0.00646215,0.00872829,0.00927177,0.00601057,0.0106697,0.00745484,0.00567029,0.00823167,0.0134166
0.00501146,0.00512914,0.00448796,0.00397644,0.00473352,0.00671171,0.00565234,0.00844126,0.00455503,0.00442355,0.00974085,0.0117023
0.00327452,0.00513699,0.00798604,0.003813,0.00295125,0.00323899,0.00440209,0.00834182,0.0054025,0.00479556,0.00867668,0.00630061
0.00374355,0.00712778,0.00803508,0.00430136,0.00425956,0.0036968,0.00718317,0.0111957,0.00710311,0.00693669,0.0129832,0.0114149
0.00393837,0.00446775,0.00916423,0.0106521,0.00556767,0.00432123,0.00693986,0.0128991,0.00752699,0.00401012,0.00710534,0.0102412
0.00258609,0.0041524,0.00965921,0.00733572,0.00443842,0.00457509,0.00612376,0.0119727,0.0108067,0.00878554,0.00833987,0.0084036
0.00408015,0.0112828,0.0112517,0.00721438,0.00448609,0.00343926,0.00730905,0.0131993,0.0119802,0.0100823,0.0111422,0.00946438
0.00168511,0.00693231,0.0155445,0.007739,0.00321032,0.00323103,0.00632339,0.0127614,0.00836233,0.00649291,0.00469559,0.0102181
0.00271555,0.00434649,0.00713862,0.00548368,0.00453132,0.00360926,0.00376362,0.0126187,0.00681123,0.00363754,0.00768797,0.00712779
0.00271495,0.00630981,0.0112675,0.00709337,0.0036076,0.00445434,0.00570671,0.0122644,0.00866839,0.00320605,0.0050086,0.0103444
0.00431377,0.00880534,0.00742095,0.00432477,0.00356158,0.0035673,0.00691584,0.00985807,0.00408146,0.00346593,0.00653904,0.00976271
0.00220727,0.00673012,0.0112657,0.00613498,0.0036616,0.00258022,0.00602456,0.00992916,0.00776583,0.00229368,0.00582267,0.0102043
0.00258066,0.00398395,0.00517571,0.00786615,0.0059098,0.00369346,0.00560797,0.0132418,0.00591287,0.00294059,0.00706696,0.00921521
0.00269279,0.00678099,0.0104438,0.00664354,0.00343585,0.00342386,0.00635305,0.0128785,0.00787419,0.00289114,0.00379243,0.00652908
0.00509468,0.0101651,0.0114303,0.00926804,0.00544663,0.00535841,0.00512791,0.0135147,0.0130848,0.00606872,0.00334517,0.00813399
0.00612687,0.00952477,0.0127215,0.00771492,0.00432461,0.00228097,0.00484404,0.0121122,0.00911209,0.0062431,0.0100943,0.00975457
0.00230616,0.00765056,0.0117788,0.00976777,0.00448877,0.00316215,0.00640874,0.0109875,0.00774289,0.00535762,0.00837771,0.00967204
0.00139326,0.010181,0.0150136,0.00770698,0.00375771,0.00308719,0.00423553,0.0110686,0.00677851,0.00450086,0.00571878,0.0119297
0.00392112,0.0107026,0.0114181,0.00808708,0.00544944,0.00578916,0.00629026,0.0105154,0.0129735,0.0067054,0.00587152,0.00740749
0.00291532,0.00608285,0.0119617,0.00844167,0.00407758,0.00301689,0.00270591,0.00643323,0.00719468,0.00445125,0.00841236,0.0121997
0.00340072,0.00522857,0.00934787,0.00690246,0.00415614,0.00305413,0.00605867,0.00861068,0.00414356,0.00528606,0.00568395,0.00852029
0.00186153,0.00556374,0.00662256,0.00575439,0.00356735,0.00322676,0.00607612,0.010728,0.00791034,0.00630506,0.0067228,0.0104004
0.00505156,0.00618354,0.00633373,0.00393841,0.00286194,0.00347083,0.00345167,0.00742518,0.00756631,0.00855892,0.00765959,0.00375642
0.00287024,0.00460691,0.00816948,0.00524367,0.00343111,0.00305156,0.00343169,0.00756629,0.00735293,0.00465955,0.00781728,0.00816648
0.0017514,0.00241128,0.00397082,0.00435121,0.00556565,0.00358607,0.00418438,0.00845225,0.00369371,0.00488898,0.00471232,0.00821204
0.00150495,0.00405715,0.00544709,0.00503288,0.00264327,0.00353242,0.00428041,0.00804806,0.00600018,0.00351849,0.00924906,0.00671892
0.0108262,0.00921056,0.00785336,0.0147254,0.00943234,0.00488664,0.00629108,0.00809062,0.00510896,0.00307952,0.00497837,0.0120219
0.0192227,0.0157164,0.00470641,0.00362767,0.00602047,0.00590614,0.0024311,0.00768516,0.00732361,0.0055447,0.00313063,0.00605376
0.00648537,0.00593586,0.0114021,0.00911673,0.00432998,0.0051249,0.00625245,0.00503855,0.00294415,0.00218604,0.00710633,0.0100567
0.0104161,0.00490528,0.00893657,0.00787113,0.00335992,0.00620759,0.00578486,0.00493464,0.00290333,0.00412013,0.00447384,0.0111584
0.00941952,0.0121993,0.0123295,0.0050661,0.00457447,0.00737859,0.00761798,0.00806568,0.00523528,0.0038399,0.00696616,0.00507712
0.00491148,0.00290913,0.0078918,0.00525129,0.0038952,0.00602602,0.00612749,0.00606509,0.00640172,0.00585546,0.00806546,0.00628266
0.00702865,0.00265802,0.00442336,0.00410254,0.00461685,0.00457401,0.00557794,0.00785417,0.0053515,0.00326615,0.00357683,0.00811693
0.00346759,0.00305398,0.00530379,0.00460324,0.0028169,0.0028019,0.00338422,0.00499644,0.00374959,0.00386528,0.00544819,0.00321479
0.0150417,0.0181379,0.00825783,0.0046559,0.005652,0.00427202,0.00540873,0.00606771,0.00973382,0.0112165,0.013775,0.012693
0.00819444,0.0104811,0.0036615,0.00492917,0.005155,0.00209065,0.00675491,0.011653,0.00762973,0.00343289,0.00717269,0.00870239
0.00760179,0.00510001,0.00424982,0.00862845,0.00838044,0.00125085,0.00549975,0.00698164,0.00504706,0.00524889,0.00701169,0.00781489
0.0126445,0.00926889,0.00551945,0.00956883,0.00500696,0.00179898,0.0057355,0.00786569,0.00678655,0.00520921,0.00386261,0.00571698
0.0126976,0.0183118,0.0103519,0.00257685,0.00416809,0.00286913,0.00481911,0.00647328,0.00360729,0.00502296,0.00562174,0.00927879
0.0073192,0.00946573,0.00427806,0.00320071,0.00656643,0.00305382,0.00347969,0.00522759,0.00526071,0.00431316,0.00382444,0.00343447
0.00645319,0.00855252,0.00490985,0.00203403,0.00208987,0.00195184,0.00240329,0.0048343,0.00380024,0.0031937,0.00191488,0.0031949
0.00443616,0.00699678,0.00492795,0.0023589,0.0027915,0.00160106,0.0038231,0.00620145,0.00308555,0.00401553,0.00305401,0.00456445
0.00175777,0.00362933,0.00502823,0.00252532,0.00389071,0.00265534,0.00441723,0.00655473,0.0025699,0.00215136,0.00438647,0.00388011
0.00322241,0.0032634,0.00437903,0.00393996,0.00364464,0.00537449,0.00471978,0.00730433,0.00671634,0.00278002,0.0042639,0.00671426
0.00540096,0.00322705,0.00366704,0.00328245,0.00211894,0.00284201,0.00523404,0.011691,0.00689555,0.00296638,0.00438204,0.00684019
0.00199822,0.00296964,0.00438758,0.0032979,0.00104079,0.000596863,0.00333761,0.0056065,0.00365865,0.00461742,0.00552093,0.00301971
0.0019614,0.00278176,0.00328544,0.00243728,0.00149074,0.00244915,0.00436539,0.00524612,0.00294189,0.00225628,0.00196473,0.00324708
0.00215851,0.00369017,0.00405348,0.00245828,0.00106613,0.0027463,0.00407732,0.00540899,0.00323339,0.00197033,0.00296616,0.00341667
0.00255168,0.00131807,0.00392232,0.00291214,0.00246729,0.00245782,0.00424311,0.00558135,0.00480565,0.00278821,0.00279605,0.0027615
0.00737057,0.00758055,0.0097217,0.0081642,0.00778862,0.0104048,0.0114601,0.013557,0.0130539,0.00874372,0.00634753,0.00649925
0.0032085,0.00383666,0.00525022,0.0038112,0.00407284,0.00366261,0.00306027,0.00548166,0.00533959,0.00440107,0.00676488,0.00687602
0.0109841,0.0141711,0.00773906,0.00477698,0.00455643,0.00229755,0.00280604,0.00522602,0.00587862,0.00582774,0.00393285,0.00423866
0.00827934,0.0181939,0.00804189,0.00204027,0.00380481,0.00287295,0.00417001,0.00685509,0.00626026,0.00690502,0.00512222,0.00369978
0.0110857,0.0125897,0.0133806,0.00698359,0.00275496,0.00499125,0.00551028,0.00573322,0.010891,0.0101596,0.0079237,0.0103132
0.0089544,0.0103605,0.00623784,0.0049857,0.00235032,0.00276346,0.00393111,0.00575096,0.00323478,0.00377674,0.00471122,0.00414686
0.0106788,0.0106002,0.00871138,0.00640746,0.00483599,0.00434643,0.00245762,0.00423845,0.00278172,0.0038932,0.00447556,0.00568967
0.0119996,0.0124199,0.00803487,0.00492452,0.00330614,0.00275051,0.00265031,0.00426815,0.00258616,0.00223639,0.0023649,0.00850198
0.00481201,0.0116914,0.0106805,0.00357746,0.00222196,0.00200556,0.00263657,0.00568944,0.00321123,0.0027072,0.00394464,0.00508649
0.00565793,0.00625019,0.00692772,0.00491882,0.00321093,0.00413986,0.00390146,0.00517417,0.00314212,0.00155588,0.00277955,0.00581083
0.00769969,0.00522188,0.00343399,0.00264588,0.00284238,0.0032417,0.00403038,0.00563836,0.00418682,0.00415443,0.00421472,0.00338577
0.0055593,0.003369,0.00440028,0.00262818,0.00181495,0.00137773,0.00253957,0.00704011,0.00518949,0.00195356,0.00455851,0.0047281
0.00237762,0.00237589,0.00350273,0.00317543,0.00248229,0.00336773,0.00270067,0.00516364,0.00458445,0.0046132,0.00407392,0.00319664
0.00881989,0.00495959,0.00347194,0.00358735,0.0047921,0.0042383,0.00274573,0.00451867,0.00527385,0.00594851,0.00440882,0.0061887
0.00667515,0.00674131,0.00313726,0.00261942,0.0020518,0.00422787,0.00335724,0.005619,0.00298542,0.0042267,0.00434365,0.00267356
0.00330024,0.00437374,0.00428179,0.00181178,0.00259801,0.00243146,0.00227474,0.00511812,0.00323266,0.00203439,0.00165503,0.00284294
0.00965353,0.00720785,0.00940147,0.00932678,0.00855387,0.00906446,0.00801209,0.00984878,0.0097964,0.00759956,0.00709224,0.0114134
0.00630403,0.00409723,0.00415397,0.00312141,0.00302295,0.00503725,0.00213349,0.00451529,0.00418939,0.00456231,0.00832372,0.00822444
0.00630557,0.00666197,0.00302375,0.00267326,0.00439475,0.00330629,0.00264672,0.00477075,0.00420769,0.00279717,0.00763569,0.00839608
0.00571414,0.00419027,0.0040217,0.0018939,0.00296536,0.00442114,0.00359306,0.00580416,0.0031872,0.0013459,0.00249281,0.00841958
0.00315876,0.0029869,0.006586,0.00809047,0.00964856,0.00903294,0.00673839,0.00853221,0.0109478,0.0107674,0.00815769,0.00877104
0.00605846,0.00706363,0.00376606,0.00178541,0.00254511,0.00534007,0.00545961,0.00607561,0.00471941,0.0044829,0.00630982,0.00528221
0.00407673,0.00305498,0.00333996,0.00316256,0.00249931,0.00315657,0.00274693,0.00561615,0.00261622,0.00138117,0.00416376,0.00531371
0.00713103,0.00472535,0.00184775,0.00266287,0.0013087,0.00361506,0.00557757,0.00548367,0.00549736,0.00422844,0.00358928,0.0053052
0.00259952,0.00255016,0.00418219,0.00258741,0.00256212,0.00246164,0.00231145,0.00332213,0.00140884,0.00314622,0.0039464,0.00597565
0.00387633,0.00484758,0.00337931,0.00300818,0.00126189,0.0024814,0.00533961,0.00632041,0.00270538,0.00302959,0.00441766,0.00549165
0.00391818,0.00514523,0.00245613,0.00171361,0.00160337,0.00102703,0.00337376,0.00475143,0.00253484,0.00200735,0.00481336,0.00302405
0.00404019,0.00334504,0.00290764,0.0010437,0.00184094,0.00234007,0.00198668,0.00318573,0.00279193,0.00326943,0.00602967,0.00861585
0.00444778,0.00301216,0.00452166,0.0032079,0.0036865,0.00467053,0.00428611,0.00915075,0.0131595,0.010571,0.0104114,0.0107433
0.00298825,0.00580899,0.00597082,0.00235209,0.00306912,0.00325147,0.00421762,0.0062466,0.0045057,0.0043672,0.00775906,0.00688243
0.00253916,0.00239981,0.00320249,0.0012282,0.00315737,0.00254257,0.00188375,0.00391862,0.00341897,0.00243517,0.00478387,0.00407191
0.00587838,0.00458883,0.00511431,0.00621343,0.00739441,0.00780709,0.00650217,0.00978564,0.0102669,0.0113394,0.0114333,0.00879064
0.00424118,0.00190866,0.00158875,0.00184893,0.00171895,0.00144172,0.00169235,0.00387943,0.00547606,0.00445553,0.0108844,0.010811
0.00239837,0.00201116,0.00260668,0.00245218,0.00167178,0.00197273,0.00283071,0.00367566,0.00285212,0.0017713,0.00382841,0.0044813
0.00113777,0.00245014,0.00181964,0.000854168,0.00235961,0.00325963,0.00361735,0.00413316,0.00262206,0.00270667,0.00456027,0.00408579
0.00254027,0.00278827,0.00237256,0.00164896,0.00175764,0.00107101,0.00196716,0.00321874,0.00242523,0.00221889,0.00359147,0.00350029
0.00161958,0.00080349,0.00117245,0.00106042,0.00193927,0.00218,0.00116651,0.00153835,0.0016584,0.00152469,0.00256069,0.00241163
0.00123199,0.0018296,0.00168019,0.00106706,0.000681423,0.00101502,0.000915574,0.00179304,0.00211317,0.00182354,0.00260276,0.00223295
0.00118202,0.00116324,0.00152533,0.00138568,0.000947161,0.00123657,0.00194896,0.00267402,0.00206537,0.00236006,0.00409383,0.00322051
0.00814606,0.0037065,0.00396875,0.00377151,0.0022101,0.00361253,0.00574945,0.00460791,0.00550377,0.00758147,0.00515115,0.0118555
0.00187164,0.00466664,0.0130902,0.012682,0.00376133,0.00236193,0.0103942,0.0115109,0.00316529,0.00501054,0.0073287,0.00403391
0.00313707,0.00650761,0.0163289,0.0100798,0.00233191,0.00466308,0.00980411,0.0068376,0.00312921,0.00827946,0.00488096,0.00699852
0.0136301,0.0134586,0.014821,0.0139557,0.00559825,0.00221034,0.00367047,0.00487454,0.00962105,0.00916077,0.00723167,0.00296786
0.00983331,0.0201332,0.00995164,0.00956667,0.00320639,0.00661922,0.00585247,0.00256183,0.00364571,0.00816038,0.00800382,0.00799951
0.00394051,0.00706504,0.0285687,0.0212321,0.00437779,0.0104687,0.0187116,0.00795973,0.00393032,0.0122496,0.00887139,0.00461107
0.00411021,0.00757287,0.0218514,0.0208429,0.00440513,0.00201755,0.00306536,0.00416039,0.00336387,0.0083257,0.00613187,0.00414337
0.00704336,0.0167606,0.0256286,0.0172312,0.00635936,0.0040776,0.00512232,0.00375713,0.00511067,0.00574573,0.00360194,0.00301422
0.0105309,0.0187003,0.0282855,0.0142248,0.00883021,0.00995522,0.01349,0.0124227,0.019249,0.0222299,0.0227233,0.0186651
0.00408815,0.0277559,0.0803601,0.0484426,0.00579026,0.0025483,0.00176045,0.00359847,0.00585482,0.0109351,0.0102147,0.009412
0.0156004,0.0739628,0.0565695,0.0133599,0.00594031,0.0047847,0.00355482,0.00321833,0.0140777,0.0173763,0.00889863,0.00727281
0.00656472,0.0620831,0.0861423,0.030468,0.00401014,0.00446386,0.00546432,0.00290059,0.00732872,0.0132734,0.00862508,0.00699838
0.00570264,0.0504412,0.0788999,0.0302153,0.00159602,0.00346206,0.003448,0.00261917,0.00573368,0.00649878,0.00331005,0.00601914
0.00834036,0.0653138,0.0739396,0.0158635,0.00326476,0.00268769,0.00252369,0.00176463,0.00614729,0.00647781,0.00593778,0.00677409
0.0582423,0.118697,0.0653339,0.0212795,0.00716677,0.00692392,0.00568227,0.00599185,0.0106774,0.00869495,0.00643675,0.014922
0.00527043,0.0168248,0.0152619,0.012057,0.00492302,0.00395715,0.00330304,0.00177174,0.00591062,0.0102298,0.00592174,0.00309272
0.0152843,0.0468714,0.0419692,0.016982,0.00841157,0.00360619,0.00366883,0.00469301,0.00329507,0.00743769,0.00829209,0.0106435
0.00483245,0.0163855,0.0272332,0.0255823,0.00676955,0.00340325,0.00763877,0.0176995,0.00998357,0.00626446,0.0036466,0.0112353
0.0133562,0.0250839,0.0275422,0.0375804,0.0212119,0.00613124,0.00752982,0.0126216,0.0126981,0.00687506,0.00658559,0.00991793
0.0142782,0.0322216,0.0283181,0.00901413,0.0151153,0.00981012,0.00686058,0.0127467,0.00907257,0.00514296,0.00664792,0.0132904
0.0347774,0.0492799,0.0306078,0.02352,0.012765,0.0155778,0.0143639,0.0124713,0.00773789,0.0044085,0.00441895,0.0128671
0.00701801,0.0251776,0.0367126,0.017855,0.00518826,0.00906184,0.00669604,0.013682,0.0082747,0.00554846,0.00458551,0.0104957
0.0113229,0.018315,0.0242395,0.0137548,0.00571237,0.00490847,0.00944919,0.0189966,0.0118777,0.0042129,0.00792336,0.0162007
0.0105172,0.0121285,0.0103253,0.00948859,0.00808909,0.00479811,0.0083748,0.012129,0.012034,0.0102249,0.0127392,0.0164405
0.0094026,0.00931721,0.0165512,0.0123434,0.00846731,0.00811259,0.0114237,0.00893471,0.0105908,0.0153731,0.0215928,0.0259643
0.0160944,0.00488017,0.0132588,0.00960066,0.0167334,0.0204782,0.0139878,0.0113793,0.0131168,0.012216,0.0117696,0.0286791
0.0218236,0.0101464,0.0180305,0.0163522,0.0291926,0.0390846,0.0143576,0.0062268,0.0101479,0.0103801,0.00696215,0.0163723
0.0208062,0.0132544,0.0102676,0.0179565,0.0302471,0.0235392,0.0126413,0.0106182,0.0073369,0.00781041,0.0107196,0.0236786
0.0130108,0.00888643,0.00994774,0.0109145,0.0289008,0.0268445,0.00866764,0.00345648,0.00377238,0.00758545,0.00951566,0.0199351
0.00929496,0.0141348,0.00928498,0.014548,0.0142557,0.0252503,0.0192931,0.00573742,0.00504257,0.00984493,0.00534542,0.00916128
0.0269769,0.0202758,0.0103819,0.00797646,0.00985303,0.0186085,0.010193,0.00347448,0.00673848,0.00918444,0.00495487,0.0118258
0.0150059,0.00911514,0.00454876,0.0052172,0.00853688,0.00878871,0.00520093,0.00588154,0.0056904,0.00505612,0.00288948,0.00648002
0.00645314,0.00478921,0.00543447,0.00636377,0.00507412,0.00782149,0.00765725,0.00722989,0.00668119,0.00368639,0.00706215,0.00694589
0.00703155,0.00825355,0.0104605,0.00880692,0.00820252,0.0100063,0.007517,0.0107509,0.0125853,0.00757138,0.00460885,0.00699917
0.0105587,0.00485068,0.0131991,0.00968056,0.0065904,0.00784146,0.0103311,0.0290682,0.0207724,0.0101942,0.00700315,0.0124006
0.0165905,0.030584,0.021426,0.00609193,0.00823616,0.00939518,0.00917722,0.0191905,0.0178527,0.010436,0.00545684,0.00774294
0.00818861,0.0155913,0.0153563,0.00383363,0.0044521,0.00661533,0.0095212,0.0135891,0.009877,0.00573,0.00566853,0.00791672
0.0069804,0.0217171,0.0229807,0.00772182,0.00720959,0.00971442,0.010602,0.0140163,0.00707661,0.00585626,0.0048652,0.00681515
0.00207243,0.00557048,0.00732626,0.00492003,0.00471332,0.00658662,0.0103143,0.0153274,0.00884653,0.00788333,0.0041139,0.00354854
0.00786532,0.00917431,0.012224,0.00739778,0.00437425,0.00596392,0.00791427,0.00882566,0.00751465,0.00503965,0.00362705,0.00497723
0.00680389,0.0103427,0.00820796,0.00231526,0.00586247,0.00882183,0.00727772,0.0141195,0.00950838,0.00744425,0.0115916,0.0103242
0.00436739,0.00483388,0.00888133,0.00423896,0.00531945,0.00649465,0.00507795,0.0140051,0.012424,0.0089373,0.0115855,0.0105753
0.00327523,0.00401808,0.00732742,0.00662751,0.00375757,0.00478193,0.00538786,0.0109892,0.0111683,0.0121927,0.0242351,0.0177704
0.00484605,0.00747929,0.0107525,0.00608178,0.00463675,0.00779582,0.00883514,0.0162542,0.0148108,0.0133219,0.0165529,0.0114008
0.00298875,0.00659191,0.00508542,0.00176891,0.00442463,0.00726252,0.00783302,0.0120974,0.0127697,0.0150526,0.014309,0.0130848
0.00499206,0.00590461,0.00383354,0.00426277,0.011273,0.00870962,0.00713698,0.0114097,0.00938661,0.0196293,0.014289,0.0113434
0.00480501,0.00708401,0.00553851,0.00333302,0.00618382,0.00600715,0.00745906,0.0156385,0.019128,0.0151747,0.00931841,0.00617128
0.00396359,0.00553278,0.00364115,0.00390352,0.00681412,0.00512088,0.00666679,0.0148556,0.0157728,0.0161393,0.00959294,0.00686965
0.0015642,0.00268564,0.00287938,0.00478811,0.0102748,0.0077724,0.00569781,0.0118681,0.0156056,0.0161091,0.00811182,0.00847588
0.00248873,0.00402601,0.00347333,0.00409791,0.00908363,0.00599608,0.00606033,0.0127457,0.0156212,0.0267709,0.0159922,0.0145168
0.00256982,0.00526297,0.00459245,0.00499091,0.00868554,0.00487405,0.00600418,0.00809667,0.00872069,0.0197927,0.0121764,0.00849026
0.00726181,0.00922838,0.00813752,0.00748096,0.0128706,0.0101985,0.00639983,0.010172,0.00913079,0.00785728,0.0107254,0.0126988
0.00216972,0.00271025,0.00353449,0.00223238,0.00434004,0.00421334,0.00555744,0.00738937,0.0080498,0.0103199,0.00648874,0.0070034
0.00387827,0.00443025,0.00719552,0.00415432,0.00629461,0.00646278,0.00704804,0.0132132,0.0116207,0.0104134,0.00645872,0.0092266
0.00181307,0.00653037,0.00795854,0.00231188,0.00473826,0.00561022,0.0056771,0.00810797,0.0103337,0.0129586,0.0100659,0.00641245
0.0108025,0.0118889,0.0134054,0.00529436,0.00563559,0.00786135,0.00898584,0.0120979,0.0130355,0.00995033,0.0117428,0.01563
0.00449045,0.00834112,0.00716237,0.0102205,0.0169318,0.0135402,0.00830607,0.00610627,0.0198879,0.0375021,0.0235869,0.0179526
0.00735779,0.0154952,0.0106696,0.00599125,0.0167121,0.0170655,0.0083224,0.00675907,0.0149746,0.0370098,0.0239773,0.0105224
0.00938285,0.0187532,0.0100922,0.00544085,0.00855402,0.00524889,0.00475502,0.00414388,0.0142461,0.0352558,0.0192575,0.00507744
0.00384521,0.00513871,0.00473731,0.00526982,0.00577685,0.0047352,0.00467136,0.00596598,0.0115293,0.030683,0.0179311,0.00394932
0.00296999,0.00448888,0.00420788,0.00398834,0.00929179,0.00706976,0.00470895,0.00399511,0.0162988,0.0324478,0.0143565,0.00433506
0.00530629,0.00489639,0.00519271,0.00550463,0.00631691,0.00333922,0.00313436,0.00454179,0.0149638,0.0322025,0.0174211,0.00626129
0.00308998,0.00560598,0.00362977,0.0027561,0.00513126,0.00476095,0.00362609,0.00374802,0.00975606,0.0202553,0.00969564,0.00289738
0.00272604,0.00218836,0.00284541,0.00415184,0.00291603,0.00213706,0.00262514,0.00320303,0.0059481,0.00748563,0.00628491,0.00284949
0.00761137,0.0111118,0.00454979,0.00775293,0.0191792,0.0123212,0.00372276,0.00670447,0.0137322,0.0261559,0.0160187,0.00479743
0.00632329,0.00929044,0.00513938,0.00652763,0.0204573,0.0204694,0.00738154,0.0047961,0.0164258,0.0312874,0.0226615,0.00800867
0.0075674,0.00740508,0.0118689,0.0131337,0.0112678,0.0100291,0.00530918,0.00852033,0.0167786,0.0317423,0.0191775,0.00417972
0.00502688,0.00848707,0.00521435,0.0145659,0.0221059,0.00710644,0.00281979,0.00426329,0.0158454,0.0308174,0.014851,0.00323316
0.00400916,0.00699831,0.00774374,0.00225626,0.00415336,0.0118245,0.00930347,0.00667843,0.0159357,0.0336106,0.0250678,0.00893988
0.00367219,0.00701034,0.00517538,0.00998656,0.0166104,0.00854998,0.0038043,0.00641258,0.0165507,0.0292587,0.0134237,0.00322164
0.00262174,0.00322519,0.00305873,0.00579331,0.0107119,0.006811,0.00432775,0.00517335,0.0107007,0.0176689,0.0108773,0.00289172
0.00265885,0.00454901,0.00491363,0.00604787,0.0111982,0.0102082,0.00437421,0.00411289,0.00734884,0.0137067,0.00956285,0.00525564
0.00950279,0.0068525,0.0090838,0.00465899,0.0115102,0.01538,0.0105695,0.0108306,0.00990951,0.0113967,0.0155824,0.0141444
0.00325471,0.00365404,0.0129375,0.0157303,0.0085498,0.0106174,0.0139255,0.0208588,0.0151582,0.014887,0.0100298,0.0125138
0.0055972,0.0151125,0.0147017,0.00732841,0.0174638,0.0129064,0.0101972,0.0167968,0.0147108,0.0153006,0.0132564,0.00909306
0.0121627,0.0277324,0.015588,0.00806517,0.00754626,0.00669884,0.0160534,0.0176423,0.0158094,0.0138138,0.0120127,0.0116962
0.003551,0.007639,0.0126889,0.0110491,0.00825759,0.0163088,0.0149248,0.0202552,0.0132059,0.0092548,0.00852232,0.0122303
0.00606677,0.00958091,0.0112399,0.00547999,0.00773668,0.00685597,0.00693726,0.0107109,0.0109815,0.00884495,0.00571065,0.00621726
0.00442837,0.00570756,0.00910444,0.00619352,0.00534242,0.0052044,0.00605572,0.00862323,0.00960644,0.00935335,0.00396481,0.00541806
0.00378213,0.00344835,0.00856626,0.0041425,0.00358066,0.00451506,0.00771651,0.0152573,0.00766305,0.00647094,0.00591595,0.00583815
0.00328975,0.0110784,0.0235537,0.0136417,0.00316532,0.00548422,0.00712367,0.00948691,0.00687158,0.00995081,0.00683768,0.00467181
0.00193321,0.00712713,0.0319167,0.027068,0.00518977,0.00427297,0.00963935,0.0105827,0.00785652,0.00799361,0.00499998,0.00361858
0.00430554,0.0401089,0.07319,0.0302003,0.00195876,0.00285866,0.00742042,0.00726544,0.00584113,0.0108673,0.00522231,0.00371774
0.00494014,0.0447666,0.0689097,0.0240629,0.00313054,0.00672321,0.00940407,0.00815527,0.00534449,0.00672457,0.00301693,0.00376244
0.00181067,0.0107255,0.0440908,0.039682,0.00878409,0.00490952,0.00584082,0.00645123,0.00519828,0.0148495,0.0111891,0.00289495
0.00157595,0.00882452,0.0341645,0.0229486,0.00431104,0.00309606,0.00693621,0.0075113,0.00633008,0.0130456,0.0106787,0.0033044
0.00569132,0.0125972,0.0280112,0.0150696,0.00321719,0.0042048,0.00847067,0.00888945,0.00728624,0.0128564,0.00796802,0.00258613
0.00207383,0.00876193,0.0107596,0.012215,0.00473921,0.00286325,0.00613645,0.00605507,0.00308448,0.00452442,0.00399954,0.00179247
0.00556164,0.0124089,0.0160611,0.00926583,0.00463812,0.0042557,0.00589791,0.00615352,0.00652814,0.0158701,0.0106189,0.00490353
0.0040012,0.00875919,0.0296032,0.0300327,0.00730345,0.00283624,0.00706741,0.00555158,0.00484028,0.0149301,0.0118287,0.00606895
0.0133129,0.0501787,0.0655781,0.0266957,0.00376368,0.003752,0.00733858,0.00599709,0.00293827,0.00871567,0.00786,0.00610747
0.0304773,0.0307805,0.01696,0.013299,0.00499535,0.0060257,0.00477282,0.00775806,0.00665514,0.00803935,0.00897013,0.00916329
0.031312,0.0202278,0.0246046,0.0170228,0.00635302,0.00297693,0.00437092,0.0111606,0.00590865,0.00975484,0.00969606,0.0281424
0.0630782,0.0482036,0.0135579,0.00628857,0.00311889,0.00164699,0.003833,0.0132549,0.00854429,0.00796349,0.00915007,0.0187251
0.0337387,0.0111508,0.0133711,0.00841401,0.00483048,0.00528259,0.0100726,0.0106911,0.0053578,0.00369974,0.0136376,0.0395774
0.0434279,0.0223497,0.00890595,0.00838532,0.00517672,0.00264947,0.00513318,0.0107851,0.00681679,0.00291597,0.0091233,0.0213593
0.0578776,0.0329554,0.00392538,0.00670791,0.00417204,0.0022197,0.00655836,0.0132984,0.00660279,0.00280273,0.00528435,0.0281567
0.0166513,0.00733185,0.0102696,0.0107424,0.00449192,0.00355179,0.00325924,0.00503426,0.0045358,0.00402115,0.00552458,0.0101078
0.0208354,0.00978515,0.00492419,0.00608694,0.00325253,0.00221309,0.00264984,0.00790567,0.0071059,0.00452975,0.00273038,0.0129049
0.009749,0.00469637,0.00467952,0.00275571,0.00516307,0.0184843,0.0140471,0.00492543,0.00159664,0.00329709,0.0172276,0.0203745
0.0101107,0.00328539,0.0124471,0.00952064,0.00578952,0.0264271,0.0197659,0.00341036,0.00370248,0.00692855,0.0164133,0.0118323
0.014231,0.0138742,0.0129346,0.0101024,0.0329652,0.0330868,0.00845619,0.00386675,0.00465083,0.0133224,0.0173275,0.0147069
0.0160101,0.00560614,0.00719535,0.0131704,0.0126566,0.0156992,0.013052,0.0129712,0.0196031,0.018649,0.0179997,0.0255675
0.0142674,0.0107655,0.00880627,0.00695064,0.00767645,0.00536868,0.00415081,0.00473747,0.00483466,0.0064284,0.0184925,0.0212046
0.0106539,0.00648754,0.00753857,0.00597626,0.00781033,0.0066122,0.0047225,0.00550976,0.00824695,0.00880708,0.0151717,0.0160629
0.00755341,0.00980198,0.00689725,0.00329296,0.00351611,0.00642289,0.00485432,0.00166201,0.00585114,0.00934337,0.016283,0.0105003
0.00356027,0.00618702,0.00696986,0.00540697,0.00710736,0.00553908,0.00586505,0.00790651,0.00914787,0.012158,0.017885,0.0151089
0.00694805,0.00736824,0.00556758,0.00331255,0.00760995,0.00603915,0.00552603,0.00621526,0.00915874,0.0102838,0.013234,0.0134961
0.00827362,0.00941294,0.00465499,0.00432411,0.00713105,0.00937499,0.00659791,0.00464665,0.00242687,0.0103776,0.0103796,0.0119874
0.00436196,0.00710659,0.0055276,0.0055623,0.00592674,0.00177145,0.00224223,0.00495858,0.00598407,0.00945533,0.0092277,0.0062613
0.00715746,0.0066799,0.00354261,0.00403709,0.00967083,0.00667738,0.00397943,0.00636878,0.0161795,0.0199784,0.0106614,0.00674849
0.00417654,0.00401005,0.0028426,0.00352733,0.0085312,0.00608866,0.00363215,0.00646308,0.00612276,0.016525,0.0131817,0.0159635
0.00655143,0.0041314,0.00322049,0.00458648,0.00644538,0.00634619,0.00557507,0.0067366,0.0156268,0.0164143,0.00837828,0.00661126
0.005485,0.00544048,0.00300093,0.00551694,0.00928981,0.00592478,0.00559813,0.0063588,0.00958312,0.0176807,0.00974312,0.00624827
0.00976131,0.00817047,0.00525968,0.0048795,0.00904761,0.00535578,0.00356247,0.00359898,0.00875735,0.0138226,0.0131783,0.0151955
0.00478692,0.00624014,0.0060787,0.00437286,0.00646333,0.00427467,0.00257511,0.00751736,0.00941724,0.0104717,0.0086587,0.0123909
0.00760691,0.00854025,0.0081018,0.00623646,0.00557111,0.00774473,0.00705305,0.0069174,0.00474751,0.0143395,0.0167221,0.0166328
0.00688806,0.0106091,0.0105037,0.00921861,0.0149029,0.0143233,0.012691,0.0161459,0.00634983,0.0125518,0.0172086,0.0248858
0.00524143,0.00563636,0.0197041,0.0186255,0.00460889,0.00365259,0.00943957,0.0138112,0.0116011,0.00987936,0.00459105,0.00960613
0.00721713,0.0220974,0.0217362,0.00871502,0.0148475,0.019405,0.0106258,0.00879944,0.00322026,0.0126815,0.0187378,0.0107057
0.00673463,0.00910537,0.0062245,0.00353026,0.00641431,0.00633269,0.00646532,0.00885751,0.00763459,0.0184535,0.00942973,0.00422067
0.00435503,0.00653943,0.00541184,0.00241033,0.00779083,0.00636986,0.004963,0.00591477,0.0115528,0.0193383,0.0114957,0.00631893
0.00298934,0.00372146,0.00307105,0.00354781,0.00620933,0.00486503,0.00402633,0.00537355,0.00972702,0.0237882,0.013655,0.00491653
0.00224796,0.00443626,0.00512146,0.00270479,0.00446976,0.00246921,0.0027829,0.00411,0.0111434,0.0243283,0.0137021,0.00339613
0.00406076,0.00304006,0.00280296,0.00538789,0.00846231,0.00516167,0.00276142,0.00358259,0.0115675,0.0238139,0.014082,0.00572234
0.0154301,0.0470132,0.0465578,0.0146697,0.00513242,0.005923,0.00681799,0.00542002,0.00916935,0.0155021,0.00800627,0.00891926
0.00299362,0.00679405,0.0348704,0.0316926,0.00715972,0.00343083,0.00602782,0.00752736,0.0058031,0.0119033,0.00814031,0.00507401
0.00993803,0.0596294,0.0640822,0.0148326,0.003867,0.00840592,0.00821053,0.00482762,0.00738136,0.0109703,0.00614134,0.00568517
0.00372386,0.0214009,0.0406686,0.0218829,0.00386185,0.00565689,0.0098017,0.00737194,0.0056232,0.0130325,0.00787507,0.00412849
0.00473103,0.0192616,0.0254233,0.011581,0.00317801,0.00665936,0.0113776,0.00750445,0.00891578,0.0150266,0.00891948,0.00388367
0.00377656,0.012619,0.0180565,0.00875016,0.00348211,0.00536391,0.00810992,0.00568566,0.00590336,0.0128983,0.00783803,0.00300043
0.00390682,0.0120372,0.0207516,0.0108801,0.00268041,0.00322158,0.00335545,0.0027492,0.00522459,0.0116596,0.00698575,0.00207688
0.00324899,0.00915262,0.014295,0.00779693,0.00257392,0.00315219,0.00491717,0.00228771,0.00617927,0.0103086,0.00468543,0.00385135
0.00603296,0.0100541,0.0106536,0.00798736,0.00576563,0.00802189,0.00903396,0.0131307,0.0154634,0.0164909,0.0157771,0.00596884
0.00747998,0.0161204,0.0132412,0.0146594,0.0133584,0.00700632,0.0078796,0.0108379,0.00568242,0.00760878,0.00825834,0.0065316
0.00468381,0.00483448,0.00929232,0.0142445,0.00807415,0.00698334,0.0118632,0.0188946,0.0124875,0.00736678,0.00693144,0.0106083
0.00412955,0.0104873,0.0266362,0.0155671,0.0120275,0.0168564,0.0131833,0.0206464,0.0111458,0.00831267,0.00774354,0.0102264
0.00390995,0.0222686,0.0254252,0.0110586,0.00891303,0.0044463,0.00938342,0.0170325,0.00939138,0.00760684,0.00705665,0.0112204
0.00821364,0.0189828,0.0177995,0.00902339,0.00853206,0.00480024,0.0154166,0.0225506,0.010093,0.00774372,0.00856788,0.0109111
0.00349302,0.00266778,0.00608805,0.00843501,0.0106154,0.0182067,0.0158235,0.0156886,0.0107757,0.00649895,0.0060873,0.0134784
0.00255196,0.0102018,0.0131026,0.00655729,0.00584559,0.00423218,0.00707688,0.011663,0.00620678,0.00353992,0.002397,0.00437945
0.00287268,0.00808286,0.0106624,0.00719925,0.0059602,0.00371069,0.0053886,0.00660903,0.00369261,0.00240019,0.00358361,0.00552326
0.00277328,0.00325007,0.00845227,0.00591722,0.00338974,0.00325498,0.0106005,0.0202925,0.0102821,0.0036541,0.00614696,0.00687222
0.00473986,0.00403471,0.00671792,0.0077384,0.00484322,0.00559862,0.0107233,0.026267,0.0162787,0.00589429,0.00598947,0.00710636
0.00369271,0.00400642,0.00835457,0.00484111,0.00279745,0.00435672,0.0121029,0.0274675,0.0151309,0.0057704,0.00654506,0.00894066
0.00276469,0.00254168,0.00588309,0.00348057,0.00174726,0.00176894,0.018164,0.0255076,0.00698322,0.00574472,0.00405974,0.00630973
0.00253344,0.00506391,0.00700851,0.00307104,0.00331589,0.00340126,0.01412,0.0234319,0.0103416,0.00432697,0.00462385,0.00524648
0.00253342,0.00592264,0.0075532,0.00399541,0.004868,0.00399526,0.0141477,0.0226389,0.00848988,0.00343119,0.00449277,0.00564312
0.00231508,0.00437083,0.0087704,0.00619988,0.00275383,0.00237865,0.0097783,0.0178842,0.00833802,0.00205197,0.00201874,0.00371159
0.00617215,0.00802034,0.00982069,0.00695047,0.00490935,0.00453863,0.00814394,0.0112923,0.00669263,0.00379255,0.00319977,0.00692742
0.00869735,0.00365903,0.0082058,0.00607313,0.00711201,0.00843864,0.00830218,0.0159025,0.0116072,0.00976745,0.0129529,0.0148323
0.0069346,0.00400825,0.00603451,0.0027956,0.00314196,0.00626482,0.00685358,0.00904421,0.0126413,0.0118461,0.00682502,0.00891986
0.00741258,0.00401291,0.00457225,0.00413985,0.00518952,0.00368664,0.0065179,0.01111,0.0114966,0.00953431,0.00543918,0.00902548
0.00906971,0.00603005,0.00278293,0.00227008,0.0050827,0.00758928,0.00920684,0.0113151,0.0088878,0.00778339,0.00436854,0.00603288
0.0100326,0.00608474,0.00250806,0.00148853,0.00487025,0.0108222,0.00630483,0.00739658,0.00834003,0.0109691,0.00675819,0.00788863
0.010962,0.00448563,0.00360323,0.00491642,0.00583964,0.00946552,0.00764799,0.00760472,0.00582485,0.00906476,0.00641094,0.00900785
0.0103846,0.0126727,0.00639221,0.00984452,0.0102601,0.00832113,0.00351575,0.00688799,0.00567909,0.00583161,0.00610773,0.00859806
0.0047674,0.00250058,0.00424752,0.00951255,0.0105966,0.00883262,0.0132102,0.010039,0.0172157,0.0107478,0.00476325,0.00571603
0.00287911,0.00844346,0.0142271,0.00751997,0.00339574,0.00373504,0.00759588,0.010215,0.00654008,0.00383545,0.00480813,0.00741215
0.00740595,0.0238995,0.0204221,0.00732706,0.0062336,0.00702722,0.0145729,0.022514,0.0134367,0.00664233,0.00527526,0.00335822
0.00395425,0.00449846,0.00541922,0.00722187,0.00436213,0.00432629,0.0114428,0.0144029,0.00829626,0.00740237,0.00541447,0.00677991
0.00397039,0.0056743,0.00962694,0.00696719,0.0052966,0.00635403,0.00643362,0.0118141,0.007081,0.00443964,0.00313918,0.0039153
0.00361859,0.00809639,0.0106599,0.004669,0.00385617,0.0055125,0.00813971,0.0103581,0.0060588,0.00355748,0.00152883,0.00242381
0.00267467,0.00220737,0.00531901,0.00356481,0.00381182,0.00390466,0.00537823,0.00699392,0.00298604,0.00299197,0.0021525,0.0023862
0.0101454,0.0090372,0.0119179,0.00954199,0.0119246,0.0121428,0.0128112,0.0126942,0.013108,0.00919483,0.00953923,0.0132074
0.00525721,0.00243126,0.00465563,0.0037638,0.00380951,0.00700518,0.0112752,0.00771971,0.00705849,0.00286393,0.00908697,0.0128962
0.0030413,0.00613242,0.0105834,0.00855922,0.00502492,0.00538392,0.00731053,0.00931243,0.00553312,0.00757732,0.00863706,0.00746377
0.00513649,0.00847611,0.0112864,0.00887258,0.00533293,0.00506166,0.00564677,0.0086983,0.00985899,0.00723026,0.0132464,0.00775356
0.00825047,0.00854185,0.00635445,0.00478944,0.00428298,0.00553291,0.00574506,0.0105895,0.0111642,0.011069,0.0171586,0.0154867
0.00309597,0.0073312,0.00580209,0.00528659,0.00855747,0.00628906,0.00350892,0.0100819,0.00906127,0.0160594,0.0171823,0.008822
0.00515783,0.0069983,0.00366635,0.00450491,0.00744186,0.00472719,0.00347402,0.00761297,0.0124569,0.0260616,0.0125604,0.00720123
0.00359113,0.00802929,0.00617726,0.00272107,0.00755,0.00520177,0.00592327,0.00749978,0.0129297,0.0207438,0.0133178,0.00404118
0.00339729,0.00578358,0.00265433,0.0037003,0.00885492,0.0057259,0.00509227,0.00695972,0.00740641,0.0189352,0.00836429,0.00724852
0.00283405,0.00424972,0.00302167,0.00262814,0.00689626,0.00568533,0.00690528,0.0104544,0.0109768,0.0203571,0.0108347,0.0104826
0.0019132,0.00251586,0.00318826,0.00512928,0.00593371,0.00306386,0.00488213,0.00787594,0.0116133,0.0148169,0.010054,0.00572493
0.00349492,0.00418716,0.00351644,0.00438847,0.0050932,0.00325344,0.00505789,0.00694957,0.00823784,0.011712,0.00727796,0.00798827
0.00785465,0.00973712,0.0119565,0.0106978,0.0137943,0.0104708,0.00607038,0.0122782,0.0127786,0.0144081,0.0107845,0.0152189
0.00371444,0.00653193,0.0225723,0.0170007,0.00401107,0.00374083,0.00671415,0.0145553,0.00908861,0.00357448,0.00847735,0.0113856
0.0102391,0.0213764,0.0177773,0.00877801,0.00577967,0.00623517,0.00764433,0.010696,0.00594881,0.00448723,0.00365886,0.00497975
0.010397,0.00848691,0.0130807,0.00654635,0.0117222,0.00911421,0.00834753,0.0118335,0.0146826,0.0158862,0.011508,0.0135945
0.00314151,0.00902503,0.00841409,0.00417528,0.0140723,0.0148557,0.00749342,0.0101642,0.00613577,0.0169799,0.0102669,0.0062558
0.00497981,0.00809535,0.00633312,0.00877094,0.0120186,0.00668814,0.00639053,0.0126282,0.0121528,0.0171157,0.00838628,0.00434478
0.00512338,0.00662298,0.0101984,0.0139192,0.00812151,0.00321675,0.00483846,0.00760807,0.0171242,0.0212556,0.0151555,0.00546292
0.00611777,0.00805643,0.00424433,0.00371702,0.00645607,0.00631917,0.00312216,0.00404568,0.0212652,0.0289208,0.0106765,0.00278405
0.00492038,0.00778324,0.00651728,0.00346833,0.00433836,0.00426177,0.00304316,0.00486634,0.0104858,0.022172,0.0112503,0.00339008
0.00466113,0.00440321,0.00534779,0.00514614,0.0101293,0.00699294,0.00339811,0.00420416,0.00992339,0.0236678,0.0127396,0.00320393
0.00224616,0.00227488,0.00393858,0.00346889,0.00486484,0.00388655,0.00384804,0.00550324,0.00891503,0.0146232,0.00945497,0.00484105
0.0243003,0.0133705,0.00612262,0.0072471,0.00395107,0.00415882,0.00322805,0.00910331,0.0161253,0.0163342,0.00972579,0.0123383
0.0510051,0.0612262,0.0196014,0.00532771,0.00463742,0.00391254,0.00299518,0.00924997,0.00662866,0.00605472,0.00852557,0.0125728
0.0256611,0.00932385,0.00513311,0.027575,0.027416,0.00905733,0.0125227,0.0136609,0.00654191,0.00881376,0.0103174,0.0270257
0.0291044,0.0267662,0.0125573,0.0138471,0.00869408,0.0116774,0.0238638,0.0150216,0.00974288,0.0089713,0.0188933,0.0223623
0.0300891,0.0168905,0.00361123,0.0202557,0.0307128,0.0116892,0.0024448,0.00697464,0.00932566,0.0116406,0.0109617,0.00613288
0.0513045,0.0305304,0.00688682,0.0073272,0.0124221,0.00447782,0.00497627,0.00945092,0.00809528,0.00817651,0.0082221,0.0266895
0.0265543,0.0177865,0.00299308,0.00415093,0.00366364,0.00187145,0.00416436,0.00848708,0.00593761,0.00916786,0.00601992,0.0100065
0.0223792,0.0091464,0.00264429,0.00342023,0.00327075,0.00223353,0.00401135,0.00666734,0.00557966,0.00568925,0.00376269,0.0155188
0.0138342,0.00629735,0.00447509,0.00438602,0.00511451,0.00328416,0.00394683,0.0078345,0.00536329,0.00771353,0.00384399,0.0122143
0.0166626,0.00788075,0.00451732,0.00433411,0.00322627,0.00369112,0.00401789,0.00555725,0.0100148,0.0134731,0.0172602,0.0152187
0.00525299,0.00657348,0.00394762,0.00393165,0.00424832,0.00588014,0.00555215,0.00419425,0.00617477,0.00948181,0.0135459,0.00724599
0.0135998,0.0101036,0.00543266,0.00370108,0.00553239,0.00519172,0.00491496,0.00741525,0.00652632,0.0108066,0.0149729,0.0145376
0.00705092,0.00555203,0.00482193,0.00345587,0.00239796,0.0022262,0.00279155,0.00558101,0.0064064,0.0055015,0.015263,0.00773447
0.0118018,0.00905256,0.00469793,0.00139204,0.00420713,0.00413639,0.0045547,0.00475631,0.00596606,0.013843,0.0180878,0.0136786
0.0071518,0.00371835,0.00348663,0.00323839,0.00569596,0.00831444,0.00479994,0.00285257,0.00684285,0.00934779,0.0201744,0.0124234
0.00602714,0.0053678,0.00342919,0.00247017,0.00390072,0.00593314,0.0058999,0.00388172,0.00560981,0.0128956,0.0175495,0.0129841
0.00554039,0.00454846,0.00361381,0.00163646,0.00536041,0.0059947,0.00151576,0.0068388,0.00786747,0.00747879,0.011662,0.0121291
0.00597901,0.00325714,0.00251991,0.00198196,0.00584402,0.0138622,0.00791414,0.00286843,0.00318714,0.00741973,0.0159726,0.0120802
0.00480884,0.00609212,0.00348918,0.00562474,0.00919196,0.00676513,0.00339436,0.00633779,0.0101561,0.0130269,0.0129726,0.0116524
0.00810843,0.00498257,0.00384147,0.00466111,0.00405098,0.00476782,0.0031779,0.00792531,0.0112916,0.00829222,0.0109282,0.00676789
0.0174861,0.0143648,0.00595067,0.0103443,0.0195596,0.0106765,0.00527169,0.00805195,0.011393,0.0147494,0.0193249,0.0168596
0.0093322,0.0113528,0.00526472,0.0129462,0.022695,0.0107163,0.00344208,0.00215665,0.0058275,0.00906907,0.0056254,0.00690891
0.0152098,0.0100894,0.00582302,0.0151224,0.0106804,0.00472576,0.00402794,0.00627747,0.013954,0.0161487,0.00787511,0.00837631
0.00840613,0.00813028,0.00986929,0.0110409,0.00912349,0.00896582,0.00792956,0.00758189,0.0126609,0.0178069,0.0111715,0.00922141
0.00547182,0.00472425,0.00497092,0.00465368,0.00540492,0.0033045,0.00612507,0.00816221,0.00734588,0.0107088,0.00601886,0.00747018
0.00641475,0.00666942,0.00823503,0.00726388,0.00495179,0.00284332,0.00520525,0.00867282,0.00819476,0.00587474,0.00505667,0.0056943
0.0037061,0.00335505,0.00943962,0.00663223,0.00513043,0.00509026,0.00908213,0.015488,0.00935777,0.00613185,0.00401295,0.00618433
0.00415884,0.00737194,0.0111911,0.00337948,0.00417098,0.00505386,0.00860766,0.0115721,0.0102294,0.00604894,0.0042464,0.00645303
0.0042437,0.00509867,0.00548281,0.00189526,0.00457167,0.00276285,0.00511152,0.00918432,0.00834493,0.00698219,0.00490989,0.00440481
0.0048842,0.00515785,0.0057543,0.00395174,0.00355675,0.00365694,0.00687387,0.00938338,0.00713167,0.00394181,0.00509978,0.00549697
0.00192305,0.00382667,0.00571523,0.00358092,0.00516287,0.00387425,0.00558403,0.0057316,0.00509588,0.00469458,0.00254146,0.00289177
0.00608943,0.00539573,0.0064745,0.00766364,0.0120015,0.0112856,0.0104447,0.0119933,0.0144915,0.0137511,0.0108012,0.00792849
0.0043741,0.0190744,0.0130463,0.00643904,0.00685662,0.00617247,0.0164858,0.0156731,0.00873357,0.00757008,0.00991019,0.00720362
0.0098195,0.0321314,0.023111,0.00614688,0.00371082,0.00697459,0.0172577,0.0133623,0.009355,0.00795653,0.00883134,0.0047057
0.0270996,0.0386959,0.0126991,0.00447166,0.00492106,0.0067918,0.0176736,0.0110237,0.00483339,0.00700343,0.00797853,0.00554444
0.0253186,0.0192071,0.00786317,0.00297048,0.00511722,0.00821887,0.0259866,0.0168566,0.00392407,0.00527633,0.00812293,0.0185407
0.0263962,0.0209585,0.00576543,0.00363387,0.00386521,0.0120205,0.0271361,0.015599,0.0035728,0.00558329,0.00754658,0.0107838
0.0105919,0.0340439,0.02063,0.00313639,0.00406319,0.0118914,0.0248587,0.0128144,0.00389023,0.0052871,0.00694576,0.00696058
0.0108802,0.00873002,0.00639722,0.00220255,0.00307162,0.00292349,0.0124144,0.00771749,0.00403255,0.00340476,0.00453204,0.00746894
0.00982531,0.0103058,0.00677257,0.00269715,0.00452142,0.00596078,0.0119167,0.0101588,0.00677126,0.00264664,0.00322305,0.00663423
0.00996303,0.011828,0.020012,0.00945599,0.00337473,0.00728818,0.00906593,0.0127554,0.0114341,0.00912216,0.00984817,0.0129761
0.00437325,0.00483084,0.0128398,0.00728726,0.00163613,0.00502832,0.00836296,0.016339,0.00903679,0.00425742,0.00687372,0.00848901
0.0061368,0.0229553,0.0198567,0.00597549,0.00285855,0.00433501,0.0110618,0.00957052,0.00465373,0.0033479,0.00408982,0.00477559
0.00678372,0.0190936,0.019637,0.00451478,0.00921232,0.012034,0.0163702,0.0107663,0.00984944,0.0144125,0.0130059,0.0123637
0.00703302,0.00906815,0.00847426,0.00800601,0.0032491,0.00424017,0.00937903,0.0168518,0.0101937,0.00549965,0.0109475,0.0104673
0.00397257,0.00981557,0.0178521,0.0137474,0.00646097,0.00437851,0.00540386,0.00773648,0.0146124,0.00665818,0.00485376,0.00742596
0.00352642,0.0151455,0.0213976,0.00805123,0.00196341,0.00432073,0.0135128,0.0209062,0.0115971,0.0041167,0.00477439,0.00649103
0.0126604,0.0282922,0.0185144,0.00525147,0.00311319,0.00781432,0.0163984,0.0122005,0.00559986,0.00225567,0.00419164,0.00421251
0.00313517,0.00752862,0.00320451,0.00701757,0.00434205,0.00433232,0.00743174,0.0105629,0.00779148,0.00335106,0.00249095,0.00380686
0.00437127,0.00579407,0.00669573,0.00934368,0.00513271,0.00317383,0.00801028,0.0108116,0.0107088,0.00651394,0.00306277,0.00449187
0.00435312,0.01596,0.0212699,0.00875439,0.00316573,0.00521708,0.0079683,0.010278,0.00803987,0.00291079,0.0059621,0.00707038
0.0056298,0.00566788,0.00912574,0.00840447,0.00467784,0.00378859,0.00663747,0.0181536,0.0088163,0.00603132,0.0109749,0.0106864
0.0025359,0.00328672,0.00672943,0.00479494,0.00252838,0.00363152,0.00988897,0.0112731,0.00557557,0.00326471,0.00373151,0.00628053
0.00364456,0.00689135,0.00625826,0.00240756,0.00300545,0.00266352,0.00467028,0.00600309,0.00236446,0.00323909,0.00451658,0.00478786
0.00723835,0.00802754,0.00877837,0.0112008,0.0113199,0.00989595,0.00793407,0.00702925,0.00871103,0.00664896,0.00794087,0.00777545
0.00354957,0.00568717,0.00566477,0.00301728,0.00344216,0.00314852,0.00445267,0.00915731,0.00716417,0.00336324,0.00400652,0.0038788
0.00334621,0.00443038,0.00554944,0.00420309,0.00389096,0.0043658,0.00198844,0.00572132,0.00489192,0.00138654,0.00242633,0.0037442
0.0034792,0.00703823,0.0061454,0.00227476,0.00244978,0.00239288,0.0017713,0.00470484,0.00435598,0.00214814,0.00189168,0.00305023
0.00377641,0.00371425,0.00410784,0.00302713,0.00166858,0.00184026,0.00476023,0.00468479,0.0036154,0.00302812,0.00352317,0.00249053
0.00228168,0.00261041,0.00244069,0.00181187,0.00175731,0.00247608,0.00326396,0.00580523,0.00471608,0.00230194,0.0031656,0.00259584
0.00237936,0.00285861,0.00390868,0.00205461,0.00213759,0.00220228,0.00334543,0.0056559,0.0041665,0.00187739,0.00209242,0.00203446
0.00327692,0.00490444,0.00543202,0.00244557,0.00172714,0.00246151,0.00454149,0.00915177,0.00444718,0.00190388,0.00273735,0.00382978
0.0182975,0.0402188,0.0373993,0.0184485,0.00538064,0.00391542,0.00418049,0.00539647,0.00698488,0.00408177,0.00367827,0.00683394
0.0101527,0.0102089,0.0309259,0.0340201,0.0328838,0.0175175,0.00688657,0.00601646,0.014531,0.0578295,0.0535137,0.0158447
0.00773222,0.0494632,0.0718801,0.0338196,0.00610268,0.00640015,0.00679617,0.00781017,0.0316439,0.0599166,0.0302294,0.00853095
0.00831834,0.0336894,0.0760991,0.0349659,0.00729392,0.00556726,0.0074646,0.00755006,0.025776,0.0435013,0.0193015,0.00501481
0.00878504,0.0326073,0.0753119,0.0417096,0.00922246,0.00355323,0.00576173,0.00595283,0.0114579,0.0304448,0.0286006,0.0113793
0.0206013,0.0272601,0.0523345,0.0610615,0.0217698,0.00462685,0.00772974,0.00862594,0.0141445,0.0286576,0.024882,0.0161568
0.00733413,0.0224839,0.047771,0.0334203,0.00751944,0.00318552,0.00716125,0.00599735,0.0118215,0.0288887,0.0186718,0.00655914
0.00479922,0.0157853,0.0318845,0.0362887,0.0129933,0.00584385,0.00610303,0.00327505,0.0110546,0.0229089,0.013144,0.0044949
0.01551,0.0182474,0.0368501,0.0292946,0.019344,0.0200379,0.0242444,0.0255456,0.0290027,0.0390462,0.029319,0.0149818
0.00581755,0.0147781,0.0290978,0.0394836,0.0178814,0.00508294,0.0082662,0.007159,0.0119206,0.0167509,0.0124364,0.0071993
0.00872424,0.0261384,0.0213334,0.0286157,0.0053309,0.00748515,0.0135793,0.0103666,0.00996842,0.0218581,0.0173269,0.00577918
0.00615228,0.0268464,0.0347988,0.0151246,0.00783144,0.00703058,0.0102588,0.00585017,0.0237637,0.0388656,0.0215345,0.00776709
0.00896925,0.025543,0.0610967,0.0537051,0.0106257,0.00637214,0.00786717,0.0121754,0.0218395,0.0305571,0.0216476,0.0109405
0.00409711,0.0211838,0.056579,0.0376064,0.00737025,0.00310257,0.00363832,0.00455726,0.0136011,0.0185865,0.0103465,0.00939713
0.00873513,0.0096809,0.0240106,0.016201,0.00623629,0.00403778,0.00560265,0.00694072,0.0138851,0.0259975,0.0219697,0.0132348
0.00475363,0.0184534,0.0209182,0.0158627,0.0053748,0.00379442,0.00940946,0.0103919,0.0102899,0.0158306,0.0235455,0.0111468
0.00922701,0.0172046,0.0244036,0.0194022,0.0240551,0.0247918,0.00917097,0.0110383,0.0120964,0.0112167,0.0101633,0.0254139
0.0105064,0.0370722,0.0539417,0.0297382,0.0088373,0.0100245,0.0173395,0.0287703,0.0209737,0.0150922,0.0316915,0.0294057
0.0133838,0.0204614,0.0480856,0.0432003,0.0123273,0.00590565,0.0185967,0.0390658,0.029035,0.0111143,0.00714168,0.0177122
0.020413,0.0398214,0.042573,0.0211526,0.00741017,0.020129,0.0392739,0.0280812,0.0165534,0.00819803,0.0108183,0.0213191
0.00894101,0.0465554,0.0516916,0.0204178,0.0101813,0.0144083,0.0386092,0.0429944,0.020338,0.0175658,0.00905263,0.0117366
0.01297,0.0146696,0.0506004,0.0416417,0.00837161,0.00716811,0.00993422,0.0299717,0.0239836,0.0114778,0.0105709,0.025935
0.00818368,0.0217089,0.0399257,0.0251514,0.00789722,0.0126119,0.0173449,0.035398,0.0187615,0.0187143,0.024844,0.0241599
0.00945668,0.0100371,0.0184164,0.0240597,0.0131435,0.00928531,0.0176948,0.0120364,0.00944347,0.016354,0.0194441,0.020194
0.0107251,0.0183257,0.0296872,0.0186864,0.01083,0.0130897,0.0208038,0.0280613,0.0120111,0.0121387,0.00813292,0.0168903
0.0175121,0.0189824,0.016759,0.017894,0.0219378,0.0381273,0.0310743,0.0215485,0.0149524,0.0180177,0.0242494,0.0247035
0.033777,0.0265553,0.0230785,0.0197325,0.019037,0.0317317,0.0135293,0.0108079,0.00740995,0.0128016,0.0114675,0.0237186
0.0224362,0.0158305,0.011858,0.0115017,0.0121504,0.0219364,0.019998,0.017862,0.0113373,0.0100941,0.0114954,0.0207571
0.0276693,0.0176663,0.00703325,0.00911444,0.0153483,0.0250142,0.0233751,0.0185018,0.0142021,0.014063,0.0126099,0.0261499
0.0156103,0.0164084,0.0191716,0.0186019,0.0189706,0.0313885,0.0174125,0.0108593,0.0127936,0.0137941,0.00734447,0.0188831
0.011044,0.00904249,0.00688889,0.00808768,0.0150347,0.0299494,0.0188678,0.0149418,0.0116129,0.00915527,0.00574128,0.0145521
0.00936643,0.00802269,0.00720845,0.0059436,0.015802,0.0383289,0.0228457,0.0164947,0.00779659,0.00761499,0.0144079,0.00919562
0.0114973,0.00556009,0.0062739,0.00893947,0.0118093,0.0132391,0.0201134,0.0338758,0.0172429,0.0106022,0.0146135,0.0113306
0.00543798,0.0115146,0.0211047,0.0175952,0.0143819,0.0191942,0.0300056,0.0640555,0.0365498,0.0118308,0.00849526,0.0159148
0.0131168,0.0204052,0.019048,0.0105132,0.00730385,0.0229797,0.0367613,0.0432927,0.0180706,0.00415847,0.00920754,0.0211098
0.0149993,0.0360742,0.0492743,0.0188052,0.00573412,0.0121452,0.0292163,0.0407712,0.0157188,0.00805464,0.00711605,0.0125214
0.0123995,0.0116554,0.017311,0.0156298,0.0104196,0.0166374,0.0216294,0.0329107,0.0205111,0.0118088,0.010605,0.0188722
0.00924968,0.0088272,0.0118614,0.00991773,0.00795895,0.0113258,0.0267284,0.0436452,0.0206504,0.00957546,0.0136812,0.0127493
0.00368707,0.0123519,0.0144894,0.00731299,0.00747144,0.0132306,0.0356724,0.0514744,0.0220252,0.013524,0.00695914,0.0232973
0.00560251,0.00839117,0.0099197,0.00886145,0.00635251,0.0167205,0.0153461,0.0207849,0.0134871,0.0193624,0.0208094,0.00858334
0.00957052,0.00989454,0.0136807,0.0168554,0.0219354,0.0214398,0.0253951,0.033764,0.0315891,0.0370204,0.0358311,0.0233461
0.00732868,0.00755476,0.01024,0.0057514,0.0112719,0.0172327,0.0214367,0.0286363,0.0289683,0.0308652,0.0313651,0.0204575
0.00953368,0.00700368,0.00995701,0.0068103,0.00651492,0.00831938,0.0134476,0.0248349,0.0131054,0.0255216,0.0499165,0.0311439
0.00839982,0.0048418,0.00779971,0.0081373,0.00534462,0.00722736,0.00671001,0.0151472,0.0186279,0.0201903,0.0387707,0.0235791
0.00530473,0.00437643,0.0080913,0.00849186,0.00864185,0.00881377,0.0149965,0.0256587,0.0198789,0.021284,0.018716,0.0129664
0.00647034,0.0112261,0.011831,0.0155313,0.0297464,0.0223387,0.0101455,0.0152937,0.0179738,0.0542849,0.0421774,0.0156772
0.00367501,0.0040466,0.0053766,0.00832747,0.0193499,0.0157869,0.00951563,0.0225645,0.0137277,0.0472756,0.0337213,0.0158067
0.00445857,0.00655739,0.00539605,0.010179,0.0235369,0.0189389,0.0107193,0.0100774,0.0283594,0.0572809,0.0276468,0.00774902
0.00399701,0.00655342,0.00364099,0.0122885,0.0277732,0.0158999,0.00849016,0.0158016,0.0250497,0.044015,0.0264748,0.0169158
0.00310261,0.0062243,0.00570589,0.0122485,0.0241566,0.011233,0.00703194,0.00881563,0.0177903,0.0546187,0.0333745,0.0125008
0.00453501,0.00684527,0.00481506,0.0139584,0.0350593,0.0233535,0.0146148,0.0227163,0.0231878,0.0356503,0.0182055,0.00891959
0.0056568,0.00763117,0.00900519,0.0186957,0.0245415,0.019899,0.0122857,0.0134488,0.0168706,0.0230399,0.0261912,0.0210654
0.00331049,0.00643304,0.00883168,0.00888948,0.0153318,0.0128269,0.0166756,0.0208658,0.0154243,0.022995,0.0150463,0.00862122
0.00174717,0.00352094,0.00871345,0.00567476,0.00684419,0.0101519,0.0144541,0.0317324,0.0236573,0.0189611,0.00924048,0.00525272
0.00412805,0.00472554,0.0105767,0.00535518,0.00816219,0.013926,0.0176884,0.0290938,0.0264539,0.0250666,0.0150482,0.010379
0.00390385,0.00504481,0.010371,0.00585758,0.0117014,0.0156799,0.0177387,0.021066,0.0214022,0.0256468,0.0241079,0.0289668
0.00607965,0.00763291,0.00392996,0.0120613,0.0223532,0.022042,0.0141996,0.0130538,0.0287202,0.0862982,0.0560001,0.0186745
0.0190405,0.0272091,0.0166184,0.0162108,0.0294227,0.0185851,0.00910515,0.0143652,0.0293166,0.0577086,0.0417399,0.0165714
0.00852873,0.00810844,0.0080395,0.0186811,0.023284,0.0155721,0.012941,0.023124,0.0264839,0.0438612,0.027041,0.00812593
0.00386202,0.00553556,0.00593918,0.00639193,0.00864071,0.0112447,0.00883136,0.00844369,0.0241522,0.0537084,0.0305342,0.0132391
0.00437974,0.00465329,0.00533344,0.00622661,0.0113553,0.00990687,0.0049034,0.0061452,0.0213109,0.0502797,0.0262132,0.00847335
0.00403091,0.00573285,0.00438199,0.00444161,0.00728464,0.00420548,0.00706103,0.00695559,0.0202182,0.0477965,0.0275296,0.00311694
0.00335722,0.00344376,0.00437292,0.00365483,0.00850561,0.010278,0.00858018,0.0118115,0.012843,0.0419796,0.0303645,0.00713658
0.00907473,0.00469276,0.00615914,0.0176123,0.0180867,0.0212881,0.0105407,0.0154245,0.0376799,0.0425601,0.0350661,0.0205215
0.00693985,0.00549082,0.00497552,0.00570654,0.0205942,0.0268306,0.0181972,0.0123837,0.0129054,0.0665977,0.0481997,0.0190752
0.0109827,0.00339722,0.0052071,0.0146777,0.0273283,0.0194161,0.010824,0.00871904,0.0579452,0.0889101,0.0395873,0.0127947
0.00712651,0.00744903,0.00554078,0.0193666,0.0363071,0.019756,0.00973491,0.0124901,0.0319633,0.0482993,0.013154,0.0219136
0.00619629,0.00738194,0.00484292,0.0109625,0.0336849,0.0312992,0.0135237,0.00644633,0.0263671,0.0480897,0.0283214,0.0193841
0.00731659,0.0114746,0.00580194,0.00652525,0.020427,0.0196225,0.0107553,0.0100692,0.0259672,0.0599904,0.0383165,0.0122287
0.00534786,0.00639949,0.00412474,0.00599293,0.012817,0.0109999,0.00661391,0.00817783,0.0410433,0.0888939,0.0508331,0.00857431
0.00523101,0.00811398,0.0113075,0.0147488,0.0226333,0.0184548,0.0133932,0.0163673,0.0230547,0.0402575,0.020284,0.00875944
0.00726784,0.010071,0.0161103,0.0211172,0.0149927,0.0169267,0.0377457,0.0530118,0.0392185,0.044856,0.0308461,0.0157354
0.00299353,0.00768351,0.00817019,0.00374535,0.0171536,0.018811,0.0167729,0.035724,0.0219411,0.0160416,0.0152662,0.0144246
0.00654684,0.0149834,0.0129037,0.00627377,0.00513645,0.0119222,0.020374,0.0333454,0.0259014,0.0261258,0.0116688,0.00626651
0.00472286,0.0135517,0.0130539,0.00723335,0.0164663,0.0138976,0.0208477,0.03335,0.0154589,0.0162094,0.0176227,0.0110992
0.00358146,0.00651795,0.00873917,0.00700634,0.00685805,0.0114896,0.0173267,0.0323377,0.0198292,0.0216067,0.017393,0.0127628
0.00282289,0.00785601,0.0124591,0.00962335,0.00416665,0.00771943,0.0128249,0.0310414,0.0158223,0.0130511,0.0118856,0.00676387
0.00486131,0.00746653,0.0102782,0.00460677,0.00255053,0.00455898,0.0149439,0.0331892,0.0214361,0.0230261,0.0119549,0.00655346
0.00649577,0.0180454,0.0415694,0.0230351,0.00915001,0.0081094,0.0209041,0.0309965,0.0127939,0.0209814,0.019775,0.00740923
0.00767638,0.0128395,0.0218187,0.024466,0.0151954,0.00455472,0.0233432,0.0384819,0.0176996,0.0171316,0.0165592,0.00920583
0.00595318,0.0373504,0.0775009,0.0418399,0.00938309,0.00836781,0.0167437,0.0185121,0.030694,0.0447576,0.0190773,0.0124161
0.0038469,0.0453464,0.0647565,0.0230896,0.0111042,0.0144862,0.0188743,0.0205814,0.020029,0.0330057,0.0187818,0.00676531
0.00367914,0.0313142,0.0795559,0.0483493,0.00793034,0.00922595,0.0179079,0.0185386,0.0104063,0.0275204,0.0181475,0.00801857
0.00783091,0.0150226,0.0221062,0.0193394,0.00508812,0.00687784,0.00956487,0.0146599,0.00993429,0.0233169,0.0148265,0.00926932
0.00557407,0.0173038,0.0242392,0.0150399,0.0100645,0.00900425,0.0120345,0.0195584,0.0169398,0.0232296,0.0150267,0.00483043
0.00566983,0.0143749,0.0346576,0.0268512,0.0237885,0.00978147,0.0120667,0.0206532,0.0153159,0.0210564,0.014336,0.00723837
0.0122581,0.058258,0.0734838,0.0368563,0.0112247,0.00735264,0.00934586,0.015715,0.0162478,0.0230872,0.0157013,0.00948216
0.0340957,0.0625936,0.0479143,0.0187312,0.00622585,0.00588848,0.00620214,0.0139794,0.0300699,0.0397454,0.0178187,0.00933416
0.029156,0.0576022,0.0442984,0.00959355,0.00731969,0.0053657,0.0071515,0.00933193,0.0108689,0.0189461,0.016336,0.018458
0.0667447,0.0344914,0.0299522,0.0226313,0.0140776,0.00521821,0.00841401,0.017556,0.0208344,0.0297694,0.0141674,0.0392544
0.0379757,0.068052,0.045683,0.025489,0.00566938,0.00651514,0.00389919,0.00774069,0.00851087,0.0123313,0.007713,0.0145768
0.0463542,0.0477102,0.0240639,0.0123793,0.00790174,0.0113331,0.0101449,0.0148297,0.0129014,0.00774762,0.0110605,0.0411462
0.057028,0.0357447,0.0179684,0.0160248,0.00863369,0.0150855,0.0190432,0.0196406,0.0136616,0.00687749,0.0164632,0.0446386
0.0500143,0.0389209,0.0150667,0.0107382,0.00412852,0.00690779,0.00499617,0.0110519,0.00527259,0.00926391,0.00969705,0.0290821
0.0334505,0.0234977,0.0175845,0.0133931,0.0107272,0.00906733,0.0063526,0.00468152,0.00737841,0.0135255,0.0205437,0.0391118
0.0399096,0.0328252,0.0176127,0.0113913,0.0068859,0.00799442,0.00751849,0.00957712,0.00762221,0.0133135,0.0130527,0.0281633
0.0270386,0.017681,0.0175856,0.00968834,0.00733614,0.00643962,0.00787167,0.0139879,0.00933712,0.0140777,0.013793,0.00888889
0.0285395,0.0267117,0.0153755,0.00463636,0.00475474,0.0106014,0.0131301,0.0149859,0.0113866,0.030151,0.050391,0.0355113
0.0234429,0.0243185,0.0170525,0.00941079,0.00838196,0.00502319,0.0147362,0.0167202,0.0205824,0.0169493,0.0380283,0.0273508
0.00950287,0.0102077,0.00891704,0.00755089,0.00757229,0.0120129,0.00781464,0.00606422,0.00818711,0.0160176,0.0372049,0.0194806
0.0218143,0.0136953,0.00724531,0.00858443,0.005244,0.0099631,0.00952717,0.00838723,0.0093722,0.024698,0.0409939,0.0238879
0.0118212,0.0118918,0.0154377,0.0175657,0.0168649,0.0187366,0.0254899,0.0274274,0.028418,0.0393662,0.0372744,0.0163801
0.0138246,0.0131117,0.0131907,0.00703262,0.00872925,0.0140048,0.00619667,0.0136776,0.0164251,0.0261611,0.0520647,0.0419953
0.00908507,0.011572,0.00975875,0.00452881,0.00449147,0.00461542,0.00878424,0.013492,0.0156039,0.0269505,0.0503532,0.0237101
0.00629433,0.00444257,0.0062932,0.00790816,0.00866367,0.0100407,0.00846864,0.0155053,0.0202037,0.0281029,0.038532,0.0242794
0.000342722,0.000266617,0.00024397,0.000268462,0.000276609,0.000247774,0.000208739,0.000185407,0.000181582,0.000127439,0.000117625,0.000103947
6.89947e-05,4.7031e-05,3.22987e-05,2.34631e-05,1.62469e-05,1.37218e-05,1.07684e-05,1.18439e-05,1.62973e-05,7.8184e-06,9.80172e-06,6.314e-06
3.92976e-06,1.82998e-06,1.15662e-06,1.00336e-06,6.9068e-07,9.16095e-07,1.19628e-06,1.47884e-06,2.10292e-06,1.071e-06,1.23995e-06,1.10291e-06
9.93049e-09,4.60274e-09,6.08044e-09,9.16799e-09,7.12058e-09,5.86135e-09,1.14141e-08,8.05755e-09,7.98741e-09,7.79143e-09,5.69572e-09,9.64001e-09